drug_label,pt,n_cases,PRR,PRR_CI,ROR,ROR_CI,EBGM,EBGM_CI,signal_flag,signal_ror,signal_ebgm,strength
DULAGLUTIDE,Gastric hypomotility,77,478.0379,478.0 (342.1 - 668.0),487.3347,487.3 (347.8 - 682.9),206.4880,206.5 (170.6 - 248.1),1,1,1,***
DULAGLUTIDE,Gastrointestinal hypomotility,480,470.9289,470.9 (413.4 - 536.5),534.5044,534.5 (465.6 - 613.6),209.5896,209.6 (194.3 - 225.8),1,1,1,***
DULAGLUTIDE,Gallbladder injury,37,102.2781,102.3 (71.2 - 146.9),103.2170,103.2 (71.7 - 148.6),79.2732,79.3 (60.1 - 103.0),1,1,1,***
DULAGLUTIDE,Early satiety,41,100.1737,100.2 (71.1 - 141.1),101.1935,101.2 (71.6 - 143.0),78.1461,78.1 (60.1 - 100.3),1,1,1,***
DULAGLUTIDE,Impaired gastric emptying,944,95.4600,95.5 (89.5 - 101.8),124.3739,124.4 (114.9 - 134.7),76.3909,76.4 (72.4 - 80.6),1,1,1,***
DULAGLUTIDE,Lymphoid tissue hyperplasia,4,89.1071,89.1 (30.0 - 264.7),89.1947,89.2 (30.0 - 265.2),62.2291,62.2 (25.2 - 131.8),1,1,1,***
DULAGLUTIDE,Ileus,135,44.3410,44.3 (37.2 - 52.9),45.8440,45.8 (38.3 - 54.9),39.7170,39.7 (34.4 - 45.7),1,1,1,***
DULAGLUTIDE,Gastrointestinal injury,10,30.7890,30.8 (16.2 - 58.6),30.8632,30.9 (16.2 - 58.8),27.5569,27.6 (15.2 - 45.6),1,1,1,***
DULAGLUTIDE,Glycosylated haemoglobin increased,122,23.7787,23.8 (19.9 - 28.5),24.4902,24.5 (20.3 - 29.5),22.3955,22.4 (19.2 - 25.9),1,1,1,***
DULAGLUTIDE,Functional gastrointestinal disorder,12,19.1750,19.2 (10.7 - 34.2),19.2293,19.2 (10.8 - 34.4),16.8337,16.8 (9.3 - 27.9),1,1,1,***
DULAGLUTIDE,Glycosylated haemoglobin decreased,9,19.1480,19.1 (9.8 - 37.4),19.1887,19.2 (9.8 - 37.5),16.0568,16.1 (7.8 - 29.3),1,1,1,***
DULAGLUTIDE,Malnutrition,55,19.0915,19.1 (14.6 - 25.0),19.3419,19.3 (14.7 - 25.4),18.0421,18.0 (14.3 - 22.5),1,1,1,***
DULAGLUTIDE,Injection site coldness,7,19.0715,19.1 (8.9 - 40.7),19.1030,19.1 (8.9 - 40.8),15.0787,15.1 (6.5 - 30.6),1,1,1,***
DULAGLUTIDE,Oedematous pancreatitis,3,18.6249,18.6 (5.8 - 59.3),18.6380,18.6 (5.8 - 59.4),10.3526,10.4 (3.0 - 34.8),1,1,1,***
DULAGLUTIDE,Intestinal obstruction,185,18.5003,18.5 (16.0 - 21.4),19.3427,19.3 (16.6 - 22.5),17.6351,17.6 (15.6 - 19.9),1,1,1,***
DULAGLUTIDE,Abdominal pain,836,17.0498,17.0 (16.0 - 18.1),21.2533,21.3 (19.7 - 23.0),16.3445,16.3 (15.4 - 17.3),1,1,1,***
DULAGLUTIDE,Blood glucose abnormal,50,16.8015,16.8 (12.7 - 22.3),17.0001,17.0 (12.8 - 22.6),15.8353,15.8 (12.3 - 20.0),1,1,1,***
DULAGLUTIDE,Cholecystitis,38,14.2342,14.2 (10.3 - 19.6),14.3603,14.4 (10.4 - 19.9),13.2039,13.2 (9.9 - 17.4),1,1,1,***
DULAGLUTIDE,Diabetic coma,3,13.5252,13.5 (4.3 - 42.8),13.5345,13.5 (4.3 - 42.8),7.3725,7.4 (2.5 - 23.5),1,1,1,***
DULAGLUTIDE,Vomiting,1079,11.0801,11.1 (10.5 - 11.7),14.7683,14.8 (13.8 - 15.8),10.7718,10.8 (10.2 - 11.3),1,1,1,***
LIRAGLUTIDE,Gallbladder injury,10,54.9918,55.0 (29.1 - 103.9),55.3124,55.3 (29.2 - 104.9),49.9068,49.9 (29.0 - 81.3),1,1,1,***
LIRAGLUTIDE,Impaired gastric emptying,178,35.5868,35.6 (30.9 - 41.0),39.6478,39.6 (33.9 - 46.4),34.2311,34.2 (30.2 - 38.7),1,1,1,***
LIRAGLUTIDE,Cyclic vomiting syndrome,15,34.9560,35.0 (20.9 - 58.4),35.2594,35.3 (21.0 - 59.2),33.1422,33.1 (21.2 - 49.7),1,1,1,***
LIRAGLUTIDE,Early satiety,5,23.6090,23.6 (9.7 - 57.3),23.6760,23.7 (9.7 - 57.6),18.6385,18.6 (6.3 - 42.4),1,1,1,***
LIRAGLUTIDE,Cholecystectomy,18,19.0089,19.0 (11.9 - 30.2),19.2023,19.2 (12.0 - 30.7),17.8600,17.9 (11.3 - 26.6),1,1,1,***
LIRAGLUTIDE,Emotional distress,84,16.7752,16.8 (13.6 - 20.7),17.5982,17.6 (14.1 - 22.0),16.3348,16.3 (13.5 - 19.5),1,1,1,***
LIRAGLUTIDE,Biliary colic,6,15.2428,15.2 (6.8 - 34.1),15.2934,15.3 (6.8 - 34.3),11.1933,11.2 (4.8 - 25.0),1,1,1,***
LIRAGLUTIDE,Thyroid cancer,7,13.1522,13.2 (6.2 - 27.7),13.2026,13.2 (6.3 - 27.9),9.8428,9.8 (4.7 - 20.4),1,1,1,***
LIRAGLUTIDE,Diabetic retinopathy,3,11.7635,11.8 (3.8 - 36.7),11.7825,11.8 (3.8 - 36.8),6.6073,6.6 (2.3 - 20.0),1,1,1,***
LIRAGLUTIDE,Cholelithiasis,33,11.5087,11.5 (8.2 - 16.2),11.7175,11.7 (8.3 - 16.6),10.6741,10.7 (7.8 - 14.4),1,1,1,***
LIRAGLUTIDE,Plantar fasciitis,3,10.9097,10.9 (3.5 - 34.0),10.9272,10.9 (3.5 - 34.1),6.2033,6.2 (2.2 - 18.1),1,1,1,***
LIRAGLUTIDE,Postmenopausal haemorrhage,3,9.9470,9.9 (3.2 - 31.0),9.9629,10.0 (3.2 - 31.1),5.7691,5.8 (2.1 - 16.0),1,1,1,***
LIRAGLUTIDE,Diabetic neuropathy,3,9.6285,9.6 (3.1 - 30.0),9.6438,9.6 (3.1 - 30.1),5.6296,5.6 (2.1 - 15.3),1,1,1,***
LIRAGLUTIDE,Discouragement,4,9.4933,9.5 (3.5 - 25.4),9.5134,9.5 (3.5 - 25.5),6.1095,6.1 (2.5 - 14.5),1,1,1,***
LIRAGLUTIDE,Papilloedema,3,9.2657,9.3 (3.0 - 28.9),9.2804,9.3 (3.0 - 29.0),5.4729,5.5 (2.0 - 14.6),1,1,1,***
LIRAGLUTIDE,Procedural complication,3,9.0792,9.1 (2.9 - 28.3),9.0935,9.1 (2.9 - 28.4),5.3931,5.4 (2.0 - 14.2),1,1,1,***
LIRAGLUTIDE,Abnormal loss of weight,6,8.9146,8.9 (4.0 - 19.9),8.9428,8.9 (4.0 - 20.0),6.4853,6.5 (3.2 - 12.9),1,1,1,***
LIRAGLUTIDE,Cardiac pacemaker insertion,3,8.6441,8.6 (2.8 - 26.9),8.6576,8.7 (2.8 - 27.0),5.2087,5.2 (2.0 - 13.4),1,1,0,**
LIRAGLUTIDE,Diabetes mellitus inadequate control,12,8.5015,8.5 (4.8 - 15.0),8.5550,8.6 (4.8 - 15.1),7.1180,7.1 (4.3 - 11.4),1,1,1,***
LIRAGLUTIDE,Ileus,12,8.4815,8.5 (4.8 - 14.9),8.5349,8.5 (4.8 - 15.1),7.1028,7.1 (4.3 - 11.4),1,1,1,***
SEMAGLUTIDE,Cyclic vomiting syndrome,360,359.1489,359.1 (260.9 - 494.3),362.8023,362.8 (263.5 - 499.5),38.3905,38.4 (35.2 - 41.8),1,1,1,***
SEMAGLUTIDE,Optic ischaemic neuropathy,625,99.9540,100.0 (86.6 - 115.4),101.7197,101.7 (88.0 - 117.5),30.2199,30.2 (28.3 - 32.3),1,1,1,***
SEMAGLUTIDE,Administration site indentation,3,62.8511,62.9 (10.5 - 376.1),62.8563,62.9 (10.5 - 376.2),16.9808,17.0 (4.0 - 53.1),1,1,1,***
SEMAGLUTIDE,Injection site streaking,22,46.0908,46.1 (25.2 - 84.4),46.1186,46.1 (25.2 - 84.5),22.1154,22.1 (15.1 - 31.2),1,1,1,***
SEMAGLUTIDE,Gallbladder injury,90,44.8936,44.9 (33.4 - 60.4),45.0047,45.0 (33.4 - 60.6),22.1358,22.1 (18.5 - 26.3),1,1,1,***
SEMAGLUTIDE,Lack of satiety,27,37.7106,37.7 (22.4 - 63.4),37.7385,37.7 (22.4 - 63.5),19.9837,20.0 (14.1 - 27.4),1,1,1,***
SEMAGLUTIDE,Salt craving,5,34.9173,34.9 (10.7 - 114.4),34.9220,34.9 (10.7 - 114.4),14.8367,14.8 (5.2 - 35.3),1,1,1,***
SEMAGLUTIDE,Food craving,501,33.9132,33.9 (30.2 - 38.1),34.3823,34.4 (30.5 - 38.7),19.1775,19.2 (17.8 - 20.6),1,1,1,***
SEMAGLUTIDE,Impaired gastric emptying,2081,33.4338,33.4 (31.6 - 35.4),35.4444,35.4 (33.4 - 37.6),19.0364,19.0 (18.4 - 19.7),1,1,1,***
SEMAGLUTIDE,Stressed eating,11,32.9220,32.9 (14.9 - 72.5),32.9318,32.9 (14.9 - 72.5),17.2892,17.3 (9.2 - 29.3),1,1,1,***
SEMAGLUTIDE,Glycosylated haemoglobin decreased,82,32.7225,32.7 (24.5 - 43.7),32.7956,32.8 (24.6 - 43.8),18.7121,18.7 (15.5 - 22.4),1,1,1,***
SEMAGLUTIDE,Lumbosacral radiculoplexus neuropathy,3,31.4255,31.4 (7.0 - 140.4),31.4281,31.4 (7.0 - 140.4),10.7816,10.8 (3.0 - 36.2),1,1,1,***
SEMAGLUTIDE,Medullary thyroid cancer,21,31.4255,31.4 (17.8 - 55.3),31.4435,31.4 (17.9 - 55.4),17.7447,17.7 (11.8 - 25.6),1,1,1,***
SEMAGLUTIDE,Facial wasting,13,30.2616,30.3 (14.8 - 61.8),30.2723,30.3 (14.8 - 61.8),16.6488,16.6 (9.4 - 27.0),1,1,1,***
SEMAGLUTIDE,Hunger,1057,30.2314,30.2 (28.0 - 32.7),31.1246,31.1 (28.7 - 33.7),17.9725,18.0 (17.1 - 18.9),1,1,1,***
SEMAGLUTIDE,Pancreatic enzyme abnormality,4,27.9338,27.9 (7.9 - 99.0),27.9368,27.9 (7.9 - 99.0),11.3777,11.4 (3.8 - 31.7),1,1,1,***
SEMAGLUTIDE,Exposure via mucosa,6,27.9338,27.9 (9.9 - 78.5),27.9383,27.9 (9.9 - 78.5),13.3127,13.3 (5.4 - 29.4),1,1,1,***
SEMAGLUTIDE,Dolichocolon,3,25.1404,25.1 (6.0 - 105.2),25.1425,25.1 (6.0 - 105.2),9.1734,9.2 (2.8 - 30.7),1,1,1,***
SEMAGLUTIDE,Allodynia,89,22.4648,22.5 (17.4 - 29.1),22.5186,22.5 (17.4 - 29.1),14.7863,14.8 (12.3 - 17.6),1,1,1,***
SEMAGLUTIDE,Insulin resistant diabetes,3,20.9504,21.0 (5.2 - 83.8),20.9520,21.0 (5.2 - 83.8),8.0581,8.1 (2.6 - 26.4),1,1,1,***
TIRZEPATIDE,Eustachian tube patulous,5,52.1046,52.1 (10.1 - 268.6),52.1082,52.1 (10.1 - 268.6),11.0375,11.0 (4.3 - 27.1),1,1,1,***
TIRZEPATIDE,Injection site coldness,101,46.7784,46.8 (32.9 - 66.5),46.8445,46.8 (33.0 - 66.6),14.9503,15.0 (12.6 - 17.6),1,1,1,***
TIRZEPATIDE,Huerthle cell carcinoma,3,31.2628,31.3 (5.2 - 187.1),31.2641,31.3 (5.2 - 187.1),7.3789,7.4 (2.5 - 23.5),1,1,1,***
TIRZEPATIDE,Injection site hypersensitivity,286,24.2308,24.2 (20.4 - 28.7),24.3260,24.3 (20.5 - 28.9),11.6613,11.7 (10.6 - 12.9),1,1,1,***
TIRZEPATIDE,Injection site injury,421,24.1719,24.2 (21.0 - 27.8),24.3121,24.3 (21.1 - 28.0),11.6740,11.7 (10.8 - 12.6),1,1,1,***
TIRZEPATIDE,Obstructive pancreatitis,93,22.0260,22.0 (16.5 - 29.5),22.0540,22.1 (16.5 - 29.5),10.9710,11.0 (9.2 - 13.0),1,1,1,***
TIRZEPATIDE,Eructation,1437,21.2259,21.2 (19.7 - 22.8),21.6496,21.6 (20.1 - 23.3),11.0043,11.0 (10.5 - 11.5),1,1,1,***
TIRZEPATIDE,Blood calcitonin increased,7,18.2366,18.2 (6.6 - 50.3),18.2383,18.2 (6.6 - 50.3),7.6519,7.7 (3.8 - 15.0),1,1,1,***
TIRZEPATIDE,Starvation ketoacidosis,21,12.1577,12.2 (7.1 - 20.8),12.1611,12.2 (7.1 - 20.8),7.2846,7.3 (5.0 - 10.4),1,1,1,***
TIRZEPATIDE,Medullary thyroid cancer,18,12.1017,12.1 (6.8 - 21.6),12.1046,12.1 (6.8 - 21.6),7.1552,7.2 (4.8 - 10.5),1,1,1,***
TIRZEPATIDE,Allodynia,91,11.5647,11.6 (9.0 - 14.9),11.5784,11.6 (9.0 - 15.0),7.6105,7.6 (6.4 - 9.0),1,1,1,***
TIRZEPATIDE,Food craving,391,11.1785,11.2 (9.9 - 12.6),11.2357,11.2 (9.9 - 12.7),7.5828,7.6 (7.0 - 8.2),1,1,1,***
TIRZEPATIDE,Hunger,815,9.9508,10.0 (9.2 - 10.8),10.0563,10.1 (9.2 - 10.9),7.0405,7.0 (6.6 - 7.5),1,1,1,***
TIRZEPATIDE,Lack of satiety,18,9.6193,9.6 (5.5 - 16.8),9.6215,9.6 (5.5 - 16.8),6.2243,6.2 (4.2 - 9.1),1,1,1,***
TIRZEPATIDE,Gastrointestinal hypomotility,267,9.2901,9.3 (8.0 - 10.7),9.3218,9.3 (8.1 - 10.8),6.6846,6.7 (6.0 - 7.4),1,1,1,***
TIRZEPATIDE,Injection site pustule,8,8.7755,8.8 (3.8 - 20.0),8.7764,8.8 (3.8 - 20.0),5.3160,5.3 (2.9 - 9.2),1,1,1,***
TIRZEPATIDE,Gastric hypomotility,40,8.5069,8.5 (5.9 - 12.3),8.5112,8.5 (5.9 - 12.3),6.0532,6.1 (4.6 - 7.8),1,1,1,***
TIRZEPATIDE,Anorexia nervosa,9,8.1555,8.2 (3.8 - 17.6),8.1564,8.2 (3.8 - 17.6),5.1845,5.2 (2.9 - 8.7),1,1,1,***
TIRZEPATIDE,Retinopathy proliferative,3,7.8157,7.8 (2.1 - 29.5),7.8160,7.8 (2.1 - 29.5),4.0905,4.1 (1.6 - 9.4),1,1,0,**
TIRZEPATIDE,Meralgia paraesthetica,4,7.5789,7.6 (2.4 - 23.8),7.5792,7.6 (2.4 - 23.8),4.3031,4.3 (1.9 - 9.0),1,1,0,**
