trend_ord,drug_label,pt,trend,trend_confidence,signal_velocity,n_quarters_data,n_quarters_signal,first_prr,last_prr,prr_q1,prr_q2,prr_q3,prr_q4,monotonic,a_total
1,LIRAGLUTIDE,No adverse event,Emerging,Low,28.6627,3,1,1.6534,30.3161,,,1.6534,30.3161,,118
1,LIRAGLUTIDE,Product substitution issue,Emerging,Low,7.2738,3,1,1.9678,9.2416,,,1.9678,9.2416,,13
1,LIRAGLUTIDE,Syncope,Emerging,Low,6.3627,4,2,2.3891,8.7518,,,2.3891,8.7518,,21
1,SEMAGLUTIDE,Dysaesthesia,Emerging,Medium,6.2651,3,2,1.4128,20.2081,1.4128,,13.7052,20.2081,,54
1,TIRZEPATIDE,Wernicke's encephalopathy,Emerging,Low,5.9903,4,2,4.9723,10.9626,,,4.9723,10.9626,,12
1,TIRZEPATIDE,Wrong patient,Emerging,Low,5.4310,4,1,1.4206,6.8516,,,1.4206,6.8516,,8
1,LIRAGLUTIDE,Drug effect less than expected,Emerging,Low,2.9231,4,1,1.6222,4.5453,,,1.6222,4.5453,,9
1,SEMAGLUTIDE,Volvulus,Emerging,Low,2.7442,4,1,2.3432,7.8316,2.3432,,7.8316,,,11
1,TIRZEPATIDE,Skin wrinkling,Emerging,Low,2.5877,4,1,1.8416,4.4293,,,1.8416,4.4293,,15
1,SEMAGLUTIDE,Type 1 diabetes mellitus,Emerging,Low,2.3481,3,1,0.8978,5.5940,0.8978,,5.5940,,,10
1,TIRZEPATIDE,Neck mass,Emerging,High,2.3316,4,3,1.8459,8.8408,1.8459,3.2223,4.8342,8.8408,,30
1,TIRZEPATIDE,Norovirus infection,Emerging,Low,2.0905,4,1,0.8723,2.9629,,,0.8723,2.9629,,19
1,SEMAGLUTIDE,Coronary artery occlusion,Emerging,Low,2.0099,4,1,1.2641,5.2839,1.2641,,5.2839,,,14
1,SEMAGLUTIDE,Biliary obstruction,Emerging,Low,1.7996,4,1,1.3100,4.9093,1.3100,,4.9093,,,9
1,TIRZEPATIDE,Pancreatic cyst,Emerging,High,1.6898,4,2,1.8909,6.9604,1.8909,1.7370,3.4123,6.9604,,22
1,LIRAGLUTIDE,Cardiac disorder,Emerging,Low,1.5417,4,1,2.7451,4.2869,,2.7451,4.2869,,,14
1,TIRZEPATIDE,Hyperchlorhydria,Emerging,Medium,1.4875,4,2,2.6429,7.1054,2.6429,,3.5516,7.1054,,15
1,TIRZEPATIDE,Vitreous detachment,Emerging,Medium,1.3816,4,1,2.3754,5.1387,,2.3754,0.9945,5.1387,,19
1,SEMAGLUTIDE,Blood urea increased,Emerging,Low,1.3397,3,1,0.4532,3.1326,0.4532,,3.1326,,,8
1,SEMAGLUTIDE,Bone disorder,Emerging,Low,1.3313,4,1,0.9029,3.5656,0.9029,,3.5656,,,13
1,SEMAGLUTIDE,Breath odour,Emerging,Low,1.3266,3,1,2.5281,6.5080,2.5281,,,6.5080,,13
1,LIRAGLUTIDE,Dyspepsia,Emerging,Low,1.2592,4,1,1.7929,4.3112,1.7929,,4.3112,,,18
1,TIRZEPATIDE,Menstruation delayed,Emerging,High,1.1871,4,1,0.6057,4.1671,0.6057,1.3426,1.8675,4.1671,,29
1,TIRZEPATIDE,Retinal artery occlusion,Emerging,Medium,1.1834,4,1,1.0899,3.4567,,1.0899,1.7146,3.4567,,15
1,SEMAGLUTIDE,Cardiovascular disorder,Emerging,Low,1.0858,4,1,0.8323,3.0039,0.8323,,3.0039,,,14
1,LIRAGLUTIDE,Hypoacusis,Emerging,Low,1.0412,3,2,3.0448,4.0860,,,3.0448,4.0860,,9
1,TIRZEPATIDE,Incorrect route of product administration,Emerging,High,1.0380,4,1,0.7085,3.8224,0.7085,0.8558,0.8097,3.8224,,151
1,LIRAGLUTIDE,Weight increased,Emerging,High,1.0261,4,3,1.1422,4.2205,1.1422,3.0056,5.1195,4.2205,,63
1,SEMAGLUTIDE,Drug effect less than expected,Emerging,High,0.8847,4,1,1.7155,4.3696,1.7155,0.4453,0.6265,4.3696,,203
1,DULAGLUTIDE,Cataract,Emerging,Low,0.8846,4,1,1.5728,3.3421,1.5728,,3.3421,,,15
1,SEMAGLUTIDE,Impaired work ability,Emerging,High,0.8744,4,3,0.7169,3.3403,0.7169,4.5990,4.4981,3.3403,,46
1,SEMAGLUTIDE,Injection site coldness,Emerging,Low,0.8678,2,1,1.3343,3.9376,1.3343,,,3.9376,,6
1,SEMAGLUTIDE,Menstruation delayed,Emerging,Medium,0.8472,4,2,0.7505,3.2921,0.7505,,5.8476,3.2921,,18
1,SEMAGLUTIDE,Sleep apnoea syndrome,Emerging,Medium,0.8358,4,2,1.5089,4.0164,1.5089,,6.9836,4.0164,,50
1,TIRZEPATIDE,Volvulus,Emerging,Low,0.8074,4,1,1.9503,3.5651,,1.9503,,3.5651,,14
1,SEMAGLUTIDE,Small intestinal obstruction,Emerging,High,0.7722,4,3,1.3569,3.6735,1.3569,9.9469,5.0065,3.6735,,63
1,TIRZEPATIDE,Libido decreased,Emerging,Medium,0.7477,4,1,0.6418,2.8849,0.6418,,1.0732,2.8849,,28
1,TIRZEPATIDE,Injection site warmth,Emerging,High,0.7242,4,3,1.4991,3.6717,1.4991,2.3581,4.2864,3.6717,,107
1,TIRZEPATIDE,Faeces hard,Emerging,High,0.6982,4,1,0.7360,2.8307,0.7360,1.6543,2.1890,2.8307,,26
1,SEMAGLUTIDE,Gastrointestinal hypomotility,Emerging,Low,0.6599,4,1,0.1896,2.1693,0.1896,,,2.1693,,14
1,SEMAGLUTIDE,Mental fatigue,Emerging,Low,0.6525,2,1,1.9474,3.9048,1.9474,,,3.9048,,10
1,TIRZEPATIDE,Sluggishness,Emerging,High,0.6442,4,1,0.3929,2.3254,0.3929,0.7918,0.8800,2.3254,,28
1,DULAGLUTIDE,Injection site swelling,Emerging,High,0.6363,4,1,0.5066,2.4154,0.5066,1.7213,1.1035,2.4154,,22
1,DULAGLUTIDE,Visual impairment,Emerging,High,0.5769,4,3,1.9370,3.6676,1.9370,2.1468,3.0448,3.6676,,64
1,DULAGLUTIDE,Injection site pruritus,Emerging,High,0.5574,4,3,1.2048,2.8769,1.2048,2.7044,3.3487,2.8769,,29
1,TIRZEPATIDE,Polymenorrhoea,Emerging,Medium,0.5366,4,1,1.0971,2.7068,1.0971,,3.2079,2.7068,,15
1,TIRZEPATIDE,Weight increased,Emerging,High,0.5357,4,3,1.7532,3.3604,1.7532,2.4978,3.8904,3.3604,,1899
1,TIRZEPATIDE,Abdominal pain upper,Emerging,High,0.5347,4,3,1.9006,3.5045,1.9006,2.5399,3.6207,3.5045,,1773
1,TIRZEPATIDE,Depressive symptom,Emerging,Medium,0.5072,3,1,0.9378,2.4596,0.9378,,1.1049,2.4596,,13
1,SEMAGLUTIDE,Fluid intake reduced,Emerging,Low,0.5055,3,1,0.9007,2.4172,0.9007,,,2.4172,,18
1,DULAGLUTIDE,Injection site erythema,Emerging,High,0.5042,4,3,1.1577,2.6704,1.1577,3.3123,2.0395,2.6704,,45
1,SEMAGLUTIDE,Blindness transient,Emerging,High,0.4803,4,3,0.9327,2.3737,0.9327,6.6711,6.2296,2.3737,,25
1,SEMAGLUTIDE,Amylase increased,Emerging,Low,0.4698,4,1,1.5011,2.9104,1.5011,,,2.9104,,13
1,SEMAGLUTIDE,Needle issue,Emerging,High,0.4472,4,1,0.9558,2.2974,0.9558,0.4447,1.2030,2.2974,,107
1,TIRZEPATIDE,Abdominal tenderness,Emerging,Low,0.4317,3,1,1.7001,2.9952,1.7001,,,2.9952,,17
1,TIRZEPATIDE,Illness,Emerging,High,0.4242,4,2,1.4473,2.7200,1.4473,1.7324,2.1460,2.7200,,1482
1,SEMAGLUTIDE,Cold sweat,Emerging,High,0.4188,4,1,1.7341,2.9904,1.7341,2.1817,2.4639,2.9904,,54
1,TIRZEPATIDE,Sleep apnoea syndrome,Emerging,High,0.4057,4,1,1.1104,2.3275,1.1104,1.3587,1.0557,2.3275,,52
1,TIRZEPATIDE,Hyperphagia,Emerging,High,0.4016,4,2,1.2799,2.4849,1.2799,1.4532,4.6040,2.4849,,43
1,TIRZEPATIDE,Abdominal discomfort,Emerging,High,0.3976,4,2,1.5099,2.7026,1.5099,1.7031,2.5181,2.7026,,1083
1,SEMAGLUTIDE,Optic neuritis,Emerging,High,0.3880,4,3,1.6252,2.7891,1.6252,19.7421,20.4665,2.7891,,48
1,TIRZEPATIDE,Blood thyroid stimulating hormone decreased,Emerging,Medium,0.3862,4,1,2.0189,3.1776,2.0189,1.0293,,3.1776,,14
1,SEMAGLUTIDE,Hysterectomy,Emerging,High,0.3850,4,1,0.4263,1.5812,0.4263,2.7976,5.0604,1.5812,,21
1,TIRZEPATIDE,Gastrointestinal disorder,Emerging,High,0.3845,4,2,1.3669,2.5204,1.3669,1.7332,2.2479,2.5204,,829
1,TIRZEPATIDE,Gastrointestinal motility disorder,Emerging,High,0.3798,4,1,1.9981,3.1374,1.9981,1.6844,1.5599,3.1374,,42
1,DULAGLUTIDE,Cerebrovascular accident,Emerging,High,0.3778,4,3,1.4218,2.5551,1.4218,2.7365,2.1087,2.5551,,39
1,TIRZEPATIDE,Neuroendocrine tumour,Emerging,Low,0.3778,3,1,2.7792,3.1570,,2.7792,3.1570,,,9
1,SEMAGLUTIDE,Injection site injury,Emerging,Low,0.3736,2,1,1.2009,2.3216,1.2009,,,2.3216,,29
1,TIRZEPATIDE,Ileus,Emerging,High,0.3708,4,3,1.8788,2.9913,1.8788,3.9265,2.6846,2.9913,,130
1,SEMAGLUTIDE,Irritable bowel syndrome,Emerging,High,0.3644,4,1,0.7216,1.8146,0.7216,1.3965,2.5164,1.8146,,53
1,SEMAGLUTIDE,Autoimmune thyroiditis,Emerging,Low,0.3473,3,1,1.3923,2.4342,1.3923,,,2.4342,,12
1,TIRZEPATIDE,Injection site induration,Emerging,High,0.3410,4,3,1.8459,2.8690,1.8459,2.0286,3.1307,2.8690,,63
1,SEMAGLUTIDE,Thyroid disorder,Emerging,Medium,0.3394,4,1,1.1171,2.1352,1.1171,1.8452,,2.1352,,35
1,SEMAGLUTIDE,Cholecystitis acute,Emerging,High,0.3206,4,3,1.8715,2.8334,1.8715,6.0859,10.7492,2.8334,,23
1,SEMAGLUTIDE,Feeling cold,Emerging,High,0.3164,4,1,0.7421,1.6914,0.7421,1.3974,2.6465,1.6914,,48
1,SEMAGLUTIDE,Aphonia,Emerging,Low,0.3107,4,1,1.5611,2.4931,1.5611,,,2.4931,,36
1,DULAGLUTIDE,Dementia,Emerging,Medium,0.3038,4,1,2.1686,3.0800,2.1686,,2.5668,3.0800,,13
1,TIRZEPATIDE,Diarrhoea,Emerging,High,0.2944,4,3,1.8168,2.7000,1.8168,2.1025,2.7204,2.7000,,5000
1,TIRZEPATIDE,Hiccups,Emerging,High,0.2813,4,1,1.1182,1.9620,1.1182,1.8698,2.3891,1.9620,,52
1,SEMAGLUTIDE,Depressed mood,Emerging,High,0.2803,4,1,0.9652,1.8060,0.9652,0.5817,10.2613,1.8060,,174
1,TIRZEPATIDE,Abdominal distension,Emerging,High,0.2750,4,3,1.8691,2.6942,1.8691,2.0711,3.0703,2.6942,,825
1,SEMAGLUTIDE,Menopause,Emerging,Medium,0.2574,4,2,2.0885,2.8607,2.0885,,9.6743,2.8607,,13
1,LIRAGLUTIDE,Illness,Emerging,High,0.2509,4,1,0.9262,1.6790,0.9262,0.7690,2.8357,1.6790,,34
1,LIRAGLUTIDE,Anxiety,Emerging,Low,0.2387,4,1,1.7633,2.2407,1.7633,,2.2407,,,22
1,SEMAGLUTIDE,Lethargy,Emerging,High,0.2345,4,1,1.5685,2.2720,1.5685,1.1136,1.8040,2.2720,,130
1,TIRZEPATIDE,Gallbladder rupture,Emerging,Low,0.2268,4,1,3.0880,3.3148,,3.0880,3.3148,,,9
1,SEMAGLUTIDE,Epigastric discomfort,Emerging,Low,0.2198,4,1,2.5281,3.1876,2.5281,,,3.1876,,12
1,TIRZEPATIDE,Cold sweat,Emerging,High,0.2078,4,1,1.1036,1.7271,1.1036,1.0899,2.2790,1.7271,,69
1,SEMAGLUTIDE,Ventricular extrasystoles,Emerging,Medium,0.2027,4,1,0.8655,1.4735,0.8655,,3.4263,1.4735,,15
1,TIRZEPATIDE,Throat clearing,Emerging,High,0.1929,4,1,0.7965,1.3752,0.7965,1.1580,4.0099,1.3752,,30
1,SEMAGLUTIDE,Limb injury,Emerging,High,0.1875,4,1,1.0269,1.5893,1.0269,1.7928,3.5682,1.5893,,60
1,SEMAGLUTIDE,Arthropathy,Emerging,High,0.1823,4,1,0.3920,0.9387,0.3920,1.1680,2.4778,0.9387,,55
1,SEMAGLUTIDE,Ileus paralytic,Emerging,Medium,0.1784,4,1,1.0917,1.6270,1.0917,,4.2718,1.6270,,15
1,SEMAGLUTIDE,Memory impairment,Emerging,High,0.1706,4,1,1.5513,2.0632,1.5513,1.5225,0.9405,2.0632,,276
1,TIRZEPATIDE,Bowel movement irregularity,Emerging,High,0.1704,4,3,1.5594,2.0707,1.5594,2.6896,2.2444,2.0707,,62
1,DULAGLUTIDE,Neoplasm malignant,Emerging,Medium,0.1594,4,1,0.7952,1.2734,0.7952,,2.8268,1.2734,,13
1,SEMAGLUTIDE,Intestinal perforation,Emerging,Medium,0.1579,4,1,0.6491,1.1227,0.6491,,3.1873,1.1227,,19
1,SEMAGLUTIDE,Muscle disorder,Emerging,Medium,0.1475,4,1,0.8895,1.3321,0.8895,,6.3560,1.3321,,12
1,SEMAGLUTIDE,Visual field defect,Emerging,High,0.1465,4,3,1.8241,2.2636,1.8241,6.5145,11.9609,2.2636,,23
1,TIRZEPATIDE,Abdominal rigidity,Emerging,High,0.1398,4,1,2.0402,2.4596,2.0402,2.1798,2.2099,2.4596,,21
1,SEMAGLUTIDE,Colitis ischaemic,Emerging,High,0.1366,4,3,1.6756,2.0853,1.6756,12.1139,12.3789,2.0853,,41
1,SEMAGLUTIDE,Musculoskeletal chest pain,Emerging,High,0.1199,4,1,1.3221,1.6819,1.3221,1.8354,4.5447,1.6819,,38
1,SEMAGLUTIDE,Presyncope,Emerging,High,0.1193,4,1,1.1258,1.4837,1.1258,1.3329,3.1780,1.4837,,58
1,SEMAGLUTIDE,Biliary dilatation,Emerging,Medium,0.1149,4,2,3.0022,3.3470,3.0022,,15.6631,3.3470,,11
1,SEMAGLUTIDE,Musculoskeletal discomfort,Emerging,High,0.1067,4,1,0.9357,1.2557,0.9357,2.0649,2.9474,1.2557,,31
1,SEMAGLUTIDE,Diabetic neuropathy,Emerging,Medium,0.0899,4,2,2.2658,2.5356,2.2658,,8.6559,2.5356,,15
1,TIRZEPATIDE,Glycosylated haemoglobin increased,Emerging,High,0.0896,4,3,1.7913,2.0600,1.7913,2.8360,2.0183,2.0600,,174
1,SEMAGLUTIDE,Feeling abnormal,Emerging,High,0.0875,4,1,1.9465,2.2090,1.9465,0.5589,0.8370,2.2090,,447
1,SEMAGLUTIDE,Abortion spontaneous,Emerging,High,0.0796,4,1,0.4479,0.6866,0.4479,0.8162,2.3551,0.6866,,32
1,SEMAGLUTIDE,Fibromyalgia,Emerging,Medium,0.0574,4,1,0.5514,0.7237,0.5514,,2.9141,0.7237,,30
1,TIRZEPATIDE,Retching,Emerging,High,0.0508,4,2,1.9321,2.0846,1.9321,1.0567,2.5451,2.0846,,122
1,SEMAGLUTIDE,Palpitations,Emerging,High,0.0479,4,1,0.9513,1.0950,0.9513,1.9285,2.0892,1.0950,,214
1,SEMAGLUTIDE,Neoplasm malignant,Emerging,High,0.0462,4,1,0.3933,0.5318,0.3933,1.0335,2.2026,0.5318,,66
1,SEMAGLUTIDE,Loss of consciousness,Emerging,High,0.0374,4,1,0.4201,0.5323,0.4201,1.4083,2.4842,0.5323,,121
1,TIRZEPATIDE,Feeling cold,Emerging,High,0.0306,4,1,1.2359,1.3278,1.2359,1.3023,2.0718,1.3278,,102
1,SEMAGLUTIDE,Deafness,Emerging,High,0.0221,4,1,0.4224,0.4886,0.4224,1.1199,2.2441,0.4886,,27
1,SEMAGLUTIDE,Angina pectoris,Emerging,High,-0.0036,4,1,0.5337,0.5230,0.5337,1.7131,3.1326,0.5230,,22
1,SEMAGLUTIDE,Enteritis,Emerging,Medium,-0.0174,4,1,0.6055,0.5532,0.6055,,4.0988,0.5532,,12
1,SEMAGLUTIDE,Foot operation,Emerging,Medium,-0.0183,4,1,1.1302,1.0753,1.1302,,4.1636,1.0753,,13
1,SEMAGLUTIDE,Blood cholesterol increased,Emerging,High,-0.0201,4,1,1.3285,1.2682,1.3285,1.5477,2.4365,1.2682,,88
1,LIRAGLUTIDE,Depression,Emerging,High,-0.0211,4,1,1.5024,1.4392,1.5024,1.2550,3.0550,1.4392,,22
1,SEMAGLUTIDE,Oropharyngeal discomfort,Emerging,Medium,-0.0265,4,1,1.2009,1.1213,1.2009,,3.3393,1.1213,,29
1,SEMAGLUTIDE,Obesity,Emerging,High,-0.0408,4,1,0.5357,0.4132,0.5357,1.9272,3.1178,0.4132,,20
1,LIRAGLUTIDE,Flatulence,Emerging,Low,-0.0732,4,1,2.7733,2.7001,,,2.7733,2.7001,,11
1,SEMAGLUTIDE,Hernia,Emerging,High,-0.0742,4,1,0.8360,0.6134,0.8360,1.9599,3.7293,0.6134,,34
1,SEMAGLUTIDE,Renal cancer,Emerging,Medium,-0.0856,4,1,1.0442,0.7875,1.0442,,4.4449,0.7875,,12
1,TIRZEPATIDE,Peroneal nerve palsy,Emerging,High,-0.1127,4,1,2.0619,1.7237,2.0619,1.8797,3.1357,1.7237,,24
1,SEMAGLUTIDE,Endometriosis,Emerging,Medium,-0.1199,4,1,1.6228,1.2630,1.6228,,8.4340,1.2630,,14
1,TIRZEPATIDE,Injection site discolouration,Emerging,High,-0.1755,4,1,1.5142,0.9876,1.5142,1.5259,2.3677,0.9876,,68
1,LIRAGLUTIDE,Weight decreased,Emerging,High,-0.1913,4,1,1.3491,0.7751,1.3491,0.7739,3.1596,0.7751,,32
1,SEMAGLUTIDE,Hyperthyroidism,Emerging,High,-0.2065,4,1,1.1487,0.5292,1.1487,1.3932,2.9072,0.5292,,27
1,TIRZEPATIDE,Food intolerance,Emerging,High,-0.2484,4,1,1.6151,0.8700,1.6151,1.5973,2.5018,0.8700,,20
1,SEMAGLUTIDE,Polyp,Emerging,Medium,-0.2511,4,1,1.7791,1.0259,1.7791,,10.3436,1.0259,,17
1,LIRAGLUTIDE,Constipation,Emerging,High,-0.2689,4,1,1.8552,1.0485,1.8552,1.1849,3.7216,1.0485,,46
1,SEMAGLUTIDE,Extrasystoles,Emerging,Medium,-0.2943,4,1,1.8126,0.9297,1.8126,,6.7128,0.9297,,12
1,SEMAGLUTIDE,Major depression,Emerging,Medium,-0.3235,4,1,1.6679,0.6973,1.6679,,4.2718,0.6973,,12
1,TIRZEPATIDE,Trichorrhexis,Emerging,Low,-0.4245,4,1,2.6170,2.1925,,,2.6170,2.1925,,12
1,TIRZEPATIDE,Functional gastrointestinal disorder,Emerging,Low,-0.5477,4,1,2.7624,2.2147,,,2.7624,2.2147,,12
1,TIRZEPATIDE,Skin sensitisation,Emerging,Low,-0.8898,4,2,7.5337,6.6440,,,7.5337,6.6440,,12
1,LIRAGLUTIDE,Drug intolerance,Emerging,Low,-1.4689,4,1,3.8660,2.3971,,,3.8660,2.3971,,19
1,LIRAGLUTIDE,Increased appetite,Emerging,Low,-1.8514,3,2,6.5502,4.6988,,,6.5502,4.6988,,10
1,TIRZEPATIDE,Binge eating,Emerging,Low,-2.1597,3,1,3.8998,1.7401,,,3.8998,1.7401,,9
1,SEMAGLUTIDE,Cerebral disorder,Emerging,Low,-2.3417,4,1,3.3225,0.9808,,,3.3225,0.9808,,10
1,SEMAGLUTIDE,Cholangitis,Emerging,Low,-2.5139,4,1,3.2729,0.7589,,,3.2729,0.7589,,13
1,TIRZEPATIDE,Thirst decreased,Emerging,Low,-2.5611,4,2,6.2153,3.6542,,,6.2153,3.6542,,9
1,SEMAGLUTIDE,Product ineffective,Emerging,Low,-2.6456,4,1,3.5753,0.9297,,,3.5753,0.9297,,10
1,SEMAGLUTIDE,Hormone level abnormal,Emerging,Low,-2.6602,4,2,5.1395,2.4792,,,5.1395,2.4792,,13
1,LIRAGLUTIDE,Eructation,Emerging,Low,-2.9645,4,2,6.3656,3.4011,,,6.3656,3.4011,,14
1,TIRZEPATIDE,Gastric pH decreased,Emerging,Low,-3.1176,4,2,9.2079,6.0903,,,9.2079,6.0903,,12
1,SEMAGLUTIDE,Hepatic fibrosis,Emerging,Low,-3.2428,3,1,4.5058,1.2630,,,4.5058,1.2630,,7
1,SEMAGLUTIDE,Renal transplant,Emerging,Low,-3.9979,3,1,5.0604,1.0625,,,5.0604,1.0625,,7
1,SEMAGLUTIDE,Rehabilitation therapy,Emerging,Low,-4.1500,3,1,5.4821,1.3321,,,5.4821,1.3321,,9
1,SEMAGLUTIDE,Abnormal weight gain,Emerging,Low,-6.9106,3,1,8.2231,1.3125,,,8.2231,1.3125,,7
1,SEMAGLUTIDE,Oesophageal pain,Emerging,Low,-6.9532,3,2,9.6743,2.7211,,,9.6743,2.7211,,10
1,SEMAGLUTIDE,Hypovitaminosis,Emerging,Low,-7.7198,3,2,12.1824,4.4626,,,12.1824,4.4626,,9
1,SEMAGLUTIDE,Gallbladder polyp,Emerging,Low,-14.6601,4,2,27.4104,12.7503,,,27.4104,12.7503,,10
1,SEMAGLUTIDE,Appendicectomy,Emerging,Low,-15.9929,4,1,17.0554,1.0625,,,17.0554,1.0625,,13
1,TIRZEPATIDE,Crystalluria,Emerging,Low,,1,1,14.6168,14.6168,,,,14.6168,,4
1,TIRZEPATIDE,Blood insulin increased,Emerging,Low,,4,1,3.9152,3.9152,,,,3.9152,,7
1,TIRZEPATIDE,Blood calcitonin increased,Emerging,Low,,3,1,27.4065,27.4065,,,,27.4065,,7
1,TIRZEPATIDE,Antineutrophil cytoplasmic antibody positive,Emerging,Low,,1,1,7.3663,7.3663,,,7.3663,,,4
1,TIRZEPATIDE,Androgenetic alopecia,Emerging,Low,,1,1,10.9626,10.9626,,,,10.9626,,3
1,TIRZEPATIDE,Alcoholism,Emerging,Low,,2,1,4.5677,4.5677,,,,4.5677,,7
1,LIRAGLUTIDE,Wrong technique in device usage process,Emerging,Low,,2,1,3.5188,3.5188,,,,3.5188,,5
1,LIRAGLUTIDE,Nephrolithiasis,Emerging,Low,,4,1,2.7333,2.7333,,,2.7333,,,8
1,DULAGLUTIDE,Lymphadenopathy,Emerging,Low,,1,1,3.1378,3.1378,,,3.1378,,,3
1,LIRAGLUTIDE,Ill-defined disorder,Emerging,Low,,3,1,2.8270,2.8270,,,2.8270,,,7
1,DULAGLUTIDE,Muscle atrophy,Emerging,Low,,3,1,6.5146,6.5146,,,6.5146,,,5
1,TIRZEPATIDE,Oesophageal spasm,Emerging,Low,,4,1,3.6542,3.6542,,,,3.6542,,8
1,DULAGLUTIDE,Inguinal hernia,Emerging,Low,,1,1,20.6996,20.6996,,,20.6996,,,3
1,LIRAGLUTIDE,Swelling,Emerging,Low,,2,1,2.2247,2.2247,,,2.2247,,,7
1,LIRAGLUTIDE,Prescription drug used without a prescription,Emerging,Low,,2,1,15.1755,15.1755,,,15.1755,,,5
1,DULAGLUTIDE,Injection site discolouration,Emerging,Low,,2,1,7.4184,7.4184,,,7.4184,,,5
1,LIRAGLUTIDE,Needle issue,Emerging,Low,,2,1,4.1499,4.1499,,,,4.1499,,4
1,LIRAGLUTIDE,Injection site bruising,Emerging,Low,,2,1,3.0695,3.0695,,,3.0695,,,10
1,LIRAGLUTIDE,Deafness,Emerging,Low,,3,1,4.1119,4.1119,,,4.1119,,,6
1,DULAGLUTIDE,Eye haemorrhage,Emerging,Low,,3,1,10.1155,10.1155,,,,10.1155,,5
1,SEMAGLUTIDE,Wernicke's encephalopathy,Emerging,Low,,4,1,14.3011,14.3011,,,14.3011,,,9
1,LIRAGLUTIDE,Hunger,Emerging,Low,,1,1,12.4799,12.4799,,,12.4799,,,8
1,LIRAGLUTIDE,Haematemesis,Emerging,Low,,2,1,6.6095,6.6095,,,6.6095,,,5
1,SEMAGLUTIDE,Metabolic syndrome,Emerging,Low,,2,1,4.1837,4.1837,,,,4.1837,,4
1,SEMAGLUTIDE,Peripheral sensory neuropathy,Emerging,Low,,2,1,5.9266,5.9266,,,5.9266,,,5
1,SEMAGLUTIDE,Spinal disorder,Emerging,Low,,4,1,4.1636,4.1636,,,4.1636,,,8
1,LIRAGLUTIDE,Drug-induced liver injury,Emerging,Low,,3,1,3.0212,3.0212,,,,3.0212,,5
1,SEMAGLUTIDE,Gastric pH decreased,Emerging,Low,,3,1,5.1492,5.1492,,,,5.1492,,5
1,SEMAGLUTIDE,Ketosis,Emerging,Low,,3,1,23.8352,23.8352,,,23.8352,,,8
1,SEMAGLUTIDE,Injection site scab,Emerging,Low,,2,1,6.6939,6.6939,,,,6.6939,,4
1,LIRAGLUTIDE,Breast cancer,Emerging,Low,,4,1,3.5657,3.5657,,,3.5657,,,7
1,TIRZEPATIDE,Pituitary tumour benign,Emerging,Low,,2,1,3.4258,3.4258,,,,3.4258,,4
1,SEMAGLUTIDE,Duodenitis,Emerging,Low,,2,1,4.4626,4.4626,,,,4.4626,,5
1,TIRZEPATIDE,Amylase abnormal,Emerging,Low,,1,1,49.7227,49.7227,,,49.7227,,,3
1,TIRZEPATIDE,Biliary dilatation,Emerging,Low,,3,1,3.8465,3.8465,,,,3.8465,,8
1,LIRAGLUTIDE,Liver disorder,Emerging,Low,,3,1,3.1200,3.1200,,,3.1200,,,6
1,SEMAGLUTIDE,Burning mouth syndrome,Emerging,Low,,1,1,11.1565,11.1565,,,,11.1565,,3
1,SEMAGLUTIDE,Stressed eating,Emerging,Low,,4,1,39.0479,39.0479,,,,39.0479,,11
1,SEMAGLUTIDE,Inadvertent injection air bubble,Emerging,Low,,2,1,16.7348,16.7348,,,,16.7348,,4
1,LIRAGLUTIDE,Drug hypersensitivity,Emerging,Low,,2,1,5.2286,5.2286,,,5.2286,,,21
1,SEMAGLUTIDE,Vitamin B12 increased,Emerging,Low,,2,1,7.4377,7.4377,,,,7.4377,,7
1,SEMAGLUTIDE,Vascular graft,Emerging,Low,,3,1,2.9751,2.9751,,,,2.9751,,7
1,SEMAGLUTIDE,Troponin increased,Emerging,Low,,3,1,2.8665,2.8665,,,2.8665,,,7
1,SEMAGLUTIDE,Strangulated hernia,Emerging,Low,,1,1,54.8209,54.8209,,,54.8209,,,3
1,SEMAGLUTIDE,Steroid therapy,Emerging,Low,,4,1,66.9392,66.9392,,,,66.9392,,8
1,SEMAGLUTIDE,Starvation ketoacidosis,Emerging,Low,,2,1,32.8925,32.8925,,,32.8925,,,4
1,DULAGLUTIDE,Diverticulitis,Emerging,Low,,4,1,3.2823,3.2823,,,3.2823,,,7
1,SEMAGLUTIDE,Skin indentation,Emerging,Low,,1,1,8.1138,8.1138,,,,8.1138,,4
1,SEMAGLUTIDE,Sarcopenia,Emerging,Low,,2,1,3.9376,3.9376,,,,3.9376,,4
1,SEMAGLUTIDE,Salt craving,Emerging,Low,,2,1,33.4696,33.4696,,,,33.4696,,5
1,LIRAGLUTIDE,Hysterectomy,Emerging,Low,,2,1,10.6970,10.6970,,,10.6970,,,5
1,SEMAGLUTIDE,Pseudopapilloedema,Emerging,Low,,2,1,13.3878,13.3878,,,,13.3878,,4
1,SEMAGLUTIDE,Positive airway pressure therapy,Emerging,Low,,3,1,36.5473,36.5473,,,36.5473,,,7
1,SEMAGLUTIDE,Physiotherapy,Emerging,Low,,4,1,9.5627,9.5627,,,,9.5627,,7
1,SEMAGLUTIDE,Panniculitis,Emerging,Low,,3,1,14.1473,14.1473,,,14.1473,,,6
1,SEMAGLUTIDE,Optic atrophy,Emerging,Low,,4,1,27.4104,27.4104,,,27.4104,,,11
1,SEMAGLUTIDE,Morning sickness,Emerging,Low,,2,1,14.8754,14.8754,,,,14.8754,,6
1,TIRZEPATIDE,Stomach mass,Emerging,Low,,2,1,6.0903,6.0903,,,,6.0903,,4
1,SEMAGLUTIDE,Living in residential institution,Emerging,Low,,4,1,4.3187,4.3187,,,,4.3187,,11
1,SEMAGLUTIDE,Vulvovaginal pruritus,Emerging,Low,,3,1,6.5785,6.5785,,,6.5785,,,6
1,SEMAGLUTIDE,Lipoma,Emerging,Low,,4,1,3.5231,3.5231,,,,3.5231,,6
1,SEMAGLUTIDE,Lipoatrophy,Emerging,Low,,3,1,6.0854,6.0854,,,,6.0854,,5
1,SEMAGLUTIDE,Intraductal papillary mucinous neoplasm,Emerging,Low,,3,1,6.6939,6.6939,,,,6.6939,,5
1,DULAGLUTIDE,Irritable bowel syndrome,Emerging,Low,,4,1,4.1533,4.1533,,,4.1533,,,8
1,SEMAGLUTIDE,Injection site abscess,Emerging,Low,,2,1,3.1876,3.1876,,,,3.1876,,6
1,LIRAGLUTIDE,Unevaluable event,Emerging,Low,,2,1,3.2426,3.2426,,,3.2426,,,6
1,SEMAGLUTIDE,Hypoglycaemic unconsciousness,Emerging,Low,,4,1,7.4377,7.4377,,,,7.4377,,7
1,SEMAGLUTIDE,Hepatitis acute,Emerging,Low,,1,1,5.0604,5.0604,,,5.0604,,,3
1,SEMAGLUTIDE,Genital rash,Emerging,Low,,2,1,5.9502,5.9502,,,,5.9502,,6
1,SEMAGLUTIDE,Faeces pale,Emerging,Low,,2,1,19.9349,19.9349,,,19.9349,,,5
1,SEMAGLUTIDE,Face injury,Emerging,Low,,2,1,5.2210,5.2210,,,5.2210,,,4
1,SEMAGLUTIDE,Exposure via eye contact,Emerging,Low,,1,1,22.3131,22.3131,,,,22.3131,,7
1,SEMAGLUTIDE,Essential hypertension,Emerging,Low,,2,1,14.3011,14.3011,,,14.3011,,,4
1,SEMAGLUTIDE,Endometrial thickening,Emerging,Low,,2,1,7.4377,7.4377,,,,7.4377,,5
1,SEMAGLUTIDE,Endometrial cancer,Emerging,Low,,3,1,3.1876,3.1876,,,,3.1876,,7
1,SEMAGLUTIDE,Drug tolerance,Emerging,Low,,2,1,3.8471,3.8471,,,,3.8471,,12
1,SEMAGLUTIDE,Depersonalisation/derealisation disorder,Emerging,Low,,4,1,8.0226,8.0226,,,8.0226,,,7
1,SEMAGLUTIDE,Chronic disease,Emerging,Low,,2,1,9.5627,9.5627,,,,9.5627,,4
1,SEMAGLUTIDE,Blood insulin increased,Emerging,Low,,3,1,9.2971,9.2971,,,,9.2971,,8
1,SEMAGLUTIDE,Binge eating,Emerging,Low,,2,1,6.1981,6.1981,,,,6.1981,,12
1,SEMAGLUTIDE,Astigmatism,Emerging,Low,,3,1,4.7814,4.7814,,,,4.7814,,5
1,SEMAGLUTIDE,Amaurosis,Emerging,Low,,1,1,4.4626,4.4626,,,,4.4626,,3
1,SEMAGLUTIDE,Administration site bruise,Emerging,Low,,1,1,22.3131,22.3131,,,,22.3131,,5
1,SEMAGLUTIDE,Adenocarcinoma pancreas,Emerging,Low,,3,1,164.4627,164.4627,,,164.4627,,,8
1,DULAGLUTIDE,"Sleep disorder due to general medical condition, insomnia type",Emerging,Low,,2,1,8.2799,8.2799,,,8.2799,,,4
1,SEMAGLUTIDE,Activities of daily living decreased,Emerging,Low,,2,1,3.3564,3.3564,,,3.3564,,,4
1,SEMAGLUTIDE,Aortic aneurysm,Emerging,Low,,4,1,5.4821,5.4821,,,5.4821,,,7
1,TIRZEPATIDE,Axillary pain,Emerging,Low,,2,1,4.2991,4.2991,,,,4.2991,,6
1,TIRZEPATIDE,Blood ketone body increased,Emerging,Low,,3,1,3.6542,3.6542,,,,3.6542,,9
1,TIRZEPATIDE,Dark circles under eyes,Emerging,Low,,1,1,4.2164,4.2164,,,,4.2164,,3
1,TIRZEPATIDE,Essential tremor,Emerging,Low,,1,1,4.5202,4.5202,,,4.5202,,,3
1,SEMAGLUTIDE,Reflux laryngitis,Emerging,Low,,3,1,41.1157,41.1157,,,41.1157,,,5
1,TIRZEPATIDE,Pancreatitis relapsing,Emerging,Low,,2,1,7.8304,7.8304,,,,7.8304,,4
1,LIRAGLUTIDE,Diabetic ketoacidosis,Emerging,Low,,4,1,8.7175,8.7175,,,8.7175,,,8
1,TIRZEPATIDE,Gastrointestinal neuroendocrine tumour,Emerging,Low,,2,1,6.0903,6.0903,,,,6.0903,,4
1,TIRZEPATIDE,Carbon dioxide decreased,Emerging,Low,,2,1,3.9152,3.9152,,,,3.9152,,5
1,TIRZEPATIDE,Thyroid pain,Emerging,Low,,1,1,16.5742,16.5742,,,16.5742,,,3
1,TIRZEPATIDE,Superior mesenteric artery syndrome,Emerging,Low,,2,1,7.8304,7.8304,,,,7.8304,,4
1,TIRZEPATIDE,Product sterility issue,Emerging,Low,,3,1,9.1355,9.1355,,,,9.1355,,5
1,TIRZEPATIDE,Pelvic mass,Emerging,Low,,1,1,9.1355,9.1355,,,,9.1355,,3
1,TIRZEPATIDE,Pancreatic steatosis,Emerging,Low,,3,1,6.0903,6.0903,,,,6.0903,,5
1,TIRZEPATIDE,Pancreatic pseudocyst,Emerging,Low,,3,1,4.2164,4.2164,,,,4.2164,,6
1,TIRZEPATIDE,Pancreatic mass,Emerging,Low,,2,1,4.2164,4.2164,,,,4.2164,,5
1,SEMAGLUTIDE,Essential tremor,Emerging,Low,,1,1,4.2501,4.2501,,,,4.2501,,4
1,TIRZEPATIDE,Middle cerebral artery stroke,Emerging,Low,,2,1,4.5202,4.5202,,,4.5202,,,4
1,TIRZEPATIDE,Lipoedema,Emerging,Low,,3,1,6.0903,6.0903,,,,6.0903,,5
1,TIRZEPATIDE,Intraductal papillary mucinous neoplasm,Emerging,Low,,3,1,8.1204,8.1204,,,,8.1204,,6
2,SEMAGLUTIDE,Appetite disorder,Accelerating,High,6.4185,4,4,14.8014,34.0568,14.8014,10.1178,4.6989,34.0568,0,208
2,LIRAGLUTIDE,Cyclic vomiting syndrome,Accelerating,Medium,3.2066,4,3,26.0083,35.6281,26.0083,,39.5195,35.6281,0,14
2,SEMAGLUTIDE,Gastrointestinal sounds abnormal,Accelerating,Medium,2.6575,4,3,6.2267,14.1992,6.2267,3.6516,,14.1992,0,124
2,TIRZEPATIDE,Injection site hypersensitivity,Accelerating,High,2.5706,4,4,25.2651,32.9769,25.2651,33.2559,30.4608,32.9769,0,285
2,DULAGLUTIDE,Blood glucose abnormal,Accelerating,High,2.3920,4,4,15.5663,22.7423,15.5663,34.2843,15.7608,22.7423,0,50
2,TIRZEPATIDE,Starvation ketoacidosis,Accelerating,High,2.2140,4,4,11.6289,18.2710,11.6289,12.3522,4.9723,18.2710,0,21
2,DULAGLUTIDE,Hypoacusis,Accelerating,High,2.0928,4,4,2.6429,8.9213,2.6429,4.9912,7.6392,8.9213,1,40
2,SEMAGLUTIDE,Metabolic surgery,Accelerating,High,2.0153,4,4,4.3668,10.4128,4.3668,17.7896,46.9893,10.4128,0,24
2,SEMAGLUTIDE,Injection site discharge,Accelerating,Medium,1.9802,4,3,9.6208,15.5615,9.6208,2.2610,,15.5615,0,336
2,DULAGLUTIDE,Injection site injury,Accelerating,High,1.8114,4,4,5.8054,11.2395,5.8054,12.9905,14.5508,11.2395,0,20
2,DULAGLUTIDE,Blood glucose fluctuation,Accelerating,High,1.7040,4,4,5.9637,11.0757,5.9637,10.9394,15.9922,11.0757,0,14
2,SEMAGLUTIDE,Near death experience,Accelerating,Medium,1.6840,4,3,2.1834,5.5515,2.1834,8.4315,5.5515,,0,20
2,TIRZEPATIDE,Allodynia,Accelerating,High,1.4939,4,4,7.9288,12.4105,7.9288,18.5283,13.9573,12.4105,0,93
2,SEMAGLUTIDE,Vomiting projectile,Accelerating,High,1.4826,4,4,5.9120,10.3596,5.9120,8.3792,6.8526,10.3596,0,51
2,TIRZEPATIDE,Lipase increased,Accelerating,High,1.4518,4,4,6.6073,10.9626,6.6073,7.7618,10.4808,10.9626,1,137
2,TIRZEPATIDE,Pancreatic enzymes increased,Accelerating,High,1.3839,4,4,4.1532,8.3050,4.1532,7.0584,11.0495,8.3050,0,34
2,TIRZEPATIDE,Papillary thyroid cancer,Accelerating,High,1.3310,4,4,7.7526,11.7456,7.7526,3.3688,7.9802,11.7456,0,34
2,TIRZEPATIDE,Lack of satiety,Accelerating,Medium,1.3267,4,3,6.4605,10.4406,6.4605,,13.2594,10.4406,0,18
2,DULAGLUTIDE,Blindness,Accelerating,Medium,1.3149,4,3,2.5476,6.4924,2.5476,,8.5871,6.4924,0,29
2,SEMAGLUTIDE,Acute cholecystitis necrotic,Accelerating,Medium,1.3042,3,3,6.0043,9.9169,6.0043,,16.4463,9.9169,0,10
2,TIRZEPATIDE,Gastric dilatation,Accelerating,High,1.2548,4,3,2.3258,6.0903,2.3258,5.5585,3.4893,6.0903,0,16
2,TIRZEPATIDE,Food aversion,Accelerating,High,1.2284,4,4,3.4203,7.1054,3.4203,4.6321,7.7692,7.1054,0,46
2,TIRZEPATIDE,Increased appetite,Accelerating,High,1.0802,4,4,2.6085,5.8490,2.6085,8.0146,10.5809,5.8490,0,524
2,TIRZEPATIDE,Constipation,Accelerating,High,1.0306,4,4,2.8510,5.9428,2.8510,3.9259,6.0619,5.9428,0,3387
2,TIRZEPATIDE,Alopecia,Accelerating,High,1.0174,4,4,2.0537,5.1059,2.0537,3.6199,4.8585,5.1059,1,1638
2,TIRZEPATIDE,Dyspepsia,Accelerating,High,0.9862,4,4,2.5893,5.5480,2.5893,4.3858,6.3034,5.5480,0,1277
2,TIRZEPATIDE,Biliary colic,Accelerating,High,0.9656,4,4,4.1305,7.0273,4.1305,8.6728,3.8476,7.0273,0,68
2,DULAGLUTIDE,Injection site mass,Accelerating,High,0.9396,4,4,4.7209,7.5397,4.7209,11.8771,7.4471,7.5397,0,50
2,DULAGLUTIDE,Injection site discomfort,Accelerating,Medium,0.8766,4,3,3.4078,6.0377,3.4078,5.2399,,6.0377,1,12
2,SEMAGLUTIDE,Retinopathy,Accelerating,High,0.8645,4,4,4.1005,6.6939,4.1005,7.3808,15.2280,6.6939,0,24
2,TIRZEPATIDE,"Sleep disorder due to general medical condition, insomnia type",Accelerating,High,0.7933,4,4,6.1724,8.5524,6.1724,7.5115,7.4508,8.5524,0,188
2,TIRZEPATIDE,Gastroenteritis viral,Accelerating,High,0.7021,4,3,2.2556,4.3620,2.2556,1.6921,2.5499,4.3620,0,138
2,SEMAGLUTIDE,Weight increased,Accelerating,High,0.6987,4,4,6.3116,8.4075,6.3116,2.0447,2.2303,8.4075,0,2178
2,TIRZEPATIDE,Flatulence,Accelerating,High,0.6777,4,4,3.0457,5.0789,3.0457,4.0540,5.5935,5.0789,0,738
2,DULAGLUTIDE,Injection site urticaria,Accelerating,High,0.6680,4,4,2.9484,4.9522,2.9484,3.4355,4.8284,4.9522,1,22
2,DULAGLUTIDE,Gallbladder disorder,Accelerating,Medium,0.6294,3,3,5.9637,7.8518,5.9637,,6.7193,7.8518,1,11
2,TIRZEPATIDE,Nausea,Accelerating,High,0.5743,4,4,2.5860,4.3088,2.5860,3.4094,4.1061,4.3088,1,7979
2,TIRZEPATIDE,Cholecystitis,Accelerating,High,0.5692,4,4,2.5359,4.2436,2.5359,3.5404,2.8538,4.2436,0,120
2,TIRZEPATIDE,Postmenopausal haemorrhage,Accelerating,High,0.5572,4,4,3.2302,4.9020,3.2302,14.3173,4.6748,4.9020,0,64
2,TIRZEPATIDE,Injection site infection,Accelerating,High,0.5555,4,3,2.0953,3.7617,2.0953,2.5853,3.0135,3.7617,1,23
2,SEMAGLUTIDE,Blood glucose abnormal,Accelerating,High,0.5532,4,3,2.5505,4.2100,2.5505,1.6758,2.8553,4.2100,0,72
2,TIRZEPATIDE,Feeding disorder,Accelerating,High,0.5525,4,4,5.0205,6.6781,5.0205,5.7250,5.0655,6.6781,0,542
2,DULAGLUTIDE,Injection site bruising,Accelerating,High,0.5289,4,4,2.4703,4.0571,2.4703,5.9641,3.1175,4.0571,0,65
2,TIRZEPATIDE,Gallbladder disorder,Accelerating,High,0.5270,4,4,4.0324,5.6134,4.0324,2.9884,3.6484,5.6134,0,142
2,LIRAGLUTIDE,Blood glucose decreased,Accelerating,High,0.5266,4,4,5.0561,6.6360,5.0561,12.1899,6.6794,6.6360,0,20
2,TIRZEPATIDE,Gastrooesophageal reflux disease,Accelerating,High,0.4473,4,4,2.3794,3.7213,2.3794,3.0734,4.4536,3.7213,0,814
2,DULAGLUTIDE,Injection site haemorrhage,Accelerating,High,0.4182,4,4,3.4966,4.7512,3.4966,6.9183,5.2664,4.7512,0,75
2,SEMAGLUTIDE,Disability,Accelerating,High,0.4148,4,4,2.4383,3.6827,2.4383,15.0416,22.3271,3.6827,0,159
2,TIRZEPATIDE,Muscle atrophy,Accelerating,High,0.3906,4,3,2.3419,3.5136,2.3419,1.8146,3.6382,3.5136,0,129
2,TIRZEPATIDE,Vomiting,Accelerating,High,0.3857,4,4,2.2897,3.4467,2.2897,2.6402,3.1740,3.4467,1,4115
2,SEMAGLUTIDE,Gastrointestinal disorder,Accelerating,High,0.3854,4,3,2.3845,3.5406,2.3845,1.9761,2.1535,3.5406,0,606
2,TIRZEPATIDE,Sensitive skin,Accelerating,High,0.3599,4,4,2.3408,3.4206,2.3408,2.5734,2.4554,3.4206,0,114
2,TIRZEPATIDE,Injection site inflammation,Accelerating,High,0.3338,4,4,2.3977,3.3993,2.3977,2.8008,3.4292,3.3993,0,53
2,TIRZEPATIDE,Dehydration,Accelerating,High,0.2995,4,4,2.5357,3.4343,2.5357,2.8192,3.0969,3.4343,1,935
2,TIRZEPATIDE,Blood glucose decreased,Accelerating,High,0.2862,4,4,2.8180,3.6765,2.8180,3.4378,3.6519,3.6765,1,344
2,SEMAGLUTIDE,Gastrooesophageal reflux disease,Accelerating,High,0.2832,4,4,2.4751,3.3247,2.4751,2.3990,3.0204,3.3247,0,377
2,TIRZEPATIDE,Dysaesthesia,Accelerating,High,0.2547,4,4,2.4227,3.1868,2.4227,3.4741,3.7669,3.1868,0,35
3,DULAGLUTIDE,Blood glucose increased,Stable,High,0.6154,4,4,9.7734,11.6196,9.7734,14.5349,13.5361,11.6196,,263
3,SEMAGLUTIDE,Emotional distress,Stable,High,0.4780,4,4,10.8730,12.3070,10.8730,12.8480,11.7387,12.3070,,684
3,TIRZEPATIDE,Injection site rash,Stable,High,0.4128,4,4,5.1182,6.3565,5.1182,6.6717,7.3122,6.3565,,705
3,TIRZEPATIDE,Food poisoning,Stable,High,0.3809,4,4,4.2639,5.4067,4.2639,3.7057,3.6561,5.4067,,82
3,TIRZEPATIDE,Hypophagia,Stable,High,0.2970,4,4,3.1947,4.0857,3.1947,2.8323,2.8863,4.0857,,263
3,DULAGLUTIDE,Optic ischaemic neuropathy,Stable,Medium,0.2913,4,3,9.3240,10.1978,9.3240,7.2929,,10.1978,,18
3,LIRAGLUTIDE,Dehydration,Stable,High,0.2841,4,4,3.6021,4.4544,3.6021,3.4638,3.8766,4.4544,,32
3,TIRZEPATIDE,Injection site pruritus,Stable,High,0.2700,4,4,5.1027,5.9128,5.1027,6.3986,7.3689,5.9128,,1145
3,SEMAGLUTIDE,Visual impairment,Stable,High,0.2387,4,4,3.3502,4.0664,3.3502,3.9084,3.4245,4.0664,,804
3,TIRZEPATIDE,Sympathomimetic effect,Stable,Medium,0.1761,3,3,4.8454,5.3738,4.8454,,6.0270,5.3738,,12
3,TIRZEPATIDE,Colitis ischaemic,Stable,High,0.1580,4,4,2.6321,3.1061,2.6321,2.3385,2.1737,3.1061,,57
3,SEMAGLUTIDE,Vision blurred,Stable,High,0.1185,4,4,2.2454,2.6010,2.2454,2.4540,2.8578,2.6010,,550
3,TIRZEPATIDE,Pancreatitis,Stable,High,0.0460,4,4,3.9887,4.1266,3.9887,4.2867,4.2024,4.1266,,540
3,SEMAGLUTIDE,Vomiting,Stable,High,-0.0051,4,4,3.8161,3.8007,3.8161,4.1165,4.0724,3.8007,,2794
3,TIRZEPATIDE,Pancreatic disorder,Stable,High,-0.0098,4,4,2.7362,2.7068,2.7362,2.8706,3.0939,2.7068,,49
3,TIRZEPATIDE,Injection site urticaria,Stable,High,-0.0520,4,4,4.1376,3.9817,4.1376,5.2659,5.4592,3.9817,,421
3,TIRZEPATIDE,Cholelithiasis,Stable,High,-0.0988,4,4,4.9882,4.6918,4.9882,4.7424,5.0629,4.6918,,416
3,SEMAGLUTIDE,Feeding disorder,Stable,High,-0.1247,4,4,5.3372,4.9630,5.3372,3.8459,3.1688,4.9630,,265
3,DULAGLUTIDE,Malnutrition,Stable,Medium,-0.1336,4,3,13.4301,13.1628,13.4301,8.1509,13.1628,,,25
3,SEMAGLUTIDE,Abnormal loss of weight,Stable,High,-0.1446,4,4,15.8356,15.4019,15.8356,21.4134,17.3119,15.4019,,165
3,TIRZEPATIDE,Cholecystitis acute,Stable,High,-0.1577,4,4,5.3672,4.8940,5.3672,4.6321,5.5247,4.8940,,63
3,SEMAGLUTIDE,Retching,Stable,High,-0.1641,4,4,5.1171,4.6249,5.1171,6.1320,4.0608,4.6249,,144
3,SEMAGLUTIDE,Abdominal distension,Stable,High,-0.1658,4,4,3.8021,3.3047,3.8021,2.3239,2.6200,3.3047,,627
3,LIRAGLUTIDE,Renal disorder,Stable,Medium,-0.1747,3,3,5.9395,5.5902,5.9395,4.1742,5.5902,,,12
3,DULAGLUTIDE,Injection site pain,Stable,High,-0.1960,4,4,4.8026,4.2146,4.8026,5.6219,5.6710,4.2146,,356
3,SEMAGLUTIDE,Nausea,Stable,High,-0.2236,4,4,4.2640,3.5933,4.2640,2.7934,2.8977,3.5933,,4480
3,SEMAGLUTIDE,Blood glucose decreased,Stable,High,-0.2800,4,4,8.2944,7.4545,8.2944,5.1556,5.8832,7.4545,,373
3,TIRZEPATIDE,Injection site irritation,Stable,High,-0.3669,4,4,5.7136,4.6130,5.7136,6.6803,7.9320,4.6130,,222
3,TIRZEPATIDE,Fluid intake reduced,Stable,High,-0.3677,4,4,7.8840,6.7810,7.8840,8.7192,8.1634,6.7810,,125
3,SEMAGLUTIDE,Abdominal pain upper,Stable,High,-0.3900,4,4,4.9297,3.7597,4.9297,3.4864,3.1369,3.7597,,1314
3,SEMAGLUTIDE,Food intolerance,Stable,Medium,-0.4186,4,3,5.7184,4.4626,5.7184,,7.6942,4.4626,,27
3,TIRZEPATIDE,Injection site mass,Stable,High,-0.4448,4,4,6.1720,4.8375,6.1720,6.8551,7.8461,4.8375,,638
3,LIRAGLUTIDE,Blood glucose increased,Stable,High,-0.7047,4,4,7.4992,5.3853,7.4992,7.5291,4.9919,5.3853,,62
3,LIRAGLUTIDE,Diabetes mellitus inadequate control,Stable,Medium,-0.7078,4,3,18.4407,17.0251,,18.4407,12.0978,17.0251,,17
4,SEMAGLUTIDE,Vitamin D deficiency,Declining,High,-0.0730,4,2,0.6535,0.4347,0.6535,3.8544,5.2712,0.4347,0,16
4,SEMAGLUTIDE,Pulmonary embolism,Declining,High,-0.0735,4,2,0.4487,0.2282,0.4487,2.0736,2.2607,0.2282,0,64
4,SEMAGLUTIDE,Road traffic accident,Declining,High,-0.1026,4,2,0.9121,0.6042,0.9121,2.2109,2.5321,0.6042,0,55
4,SEMAGLUTIDE,Dialysis,Declining,Medium,-0.1173,4,1,0.7953,0.4433,0.7953,5.9299,,0.4433,0,17
4,SEMAGLUTIDE,Deep vein thrombosis,Declining,High,-0.1465,4,2,0.7923,0.3529,0.7923,2.0539,2.3922,0.3529,0,47
4,SEMAGLUTIDE,Hip arthroplasty,Declining,High,-0.1490,4,2,0.9763,0.5295,0.9763,3.8544,2.7608,0.5295,0,34
4,SEMAGLUTIDE,Foot fracture,Declining,Medium,-0.1538,3,1,0.9237,0.4624,0.9237,3.4010,,0.4624,0,19
4,DULAGLUTIDE,Feeling abnormal,Declining,High,-0.1762,4,1,1.5221,0.9935,1.5221,2.6157,1.3935,0.9935,0,40
4,SEMAGLUTIDE,Heart rate irregular,Declining,Medium,-0.1785,4,1,1.1258,0.5903,1.1258,2.7049,,0.5903,0,19
4,SEMAGLUTIDE,Supraventricular tachycardia,Declining,Medium,-0.1901,4,1,1.4369,0.8665,1.4369,3.6135,,0.8665,0,17
4,SEMAGLUTIDE,Panic attack,Declining,High,-0.1908,4,2,1.8818,1.3093,1.8818,2.4838,2.4009,1.3093,0,80
4,SEMAGLUTIDE,Aspiration,Declining,High,-0.2026,4,2,1.4128,0.8051,1.4128,2.7272,3.4807,0.8051,0,28
4,SEMAGLUTIDE,Tooth extraction,Declining,High,-0.2091,4,2,1.4315,0.8041,1.4315,4.4474,4.1374,0.8041,0,22
4,TIRZEPATIDE,Blood glucose increased,Declining,High,-0.2203,4,2,2.0096,1.3487,2.0096,2.2701,1.8085,1.3487,0,755
4,SEMAGLUTIDE,Transient ischaemic attack,Declining,High,-0.2214,4,2,0.9577,0.2936,0.9577,2.7450,3.9298,0.2936,0,36
4,SEMAGLUTIDE,Circulatory collapse,Declining,High,-0.2248,4,1,1.1621,0.4877,1.1621,3.4010,1.7221,0.4877,0,19
4,SEMAGLUTIDE,Ageusia,Declining,Low,-0.2331,4,1,2.0541,1.3547,2.0541,,,1.3547,1,45
4,SEMAGLUTIDE,Abnormal faeces,Declining,Low,-0.2339,4,1,2.2016,1.5000,2.2016,,,1.5000,1,21
4,SEMAGLUTIDE,Joint injury,Declining,High,-0.2549,4,2,1.4128,0.6481,1.4128,3.0165,4.2903,0.6481,0,40
4,SEMAGLUTIDE,Depression,Declining,High,-0.2618,4,3,2.4229,1.6375,2.4229,2.3932,2.1466,1.6375,1,437
4,SEMAGLUTIDE,Vitreous floaters,Declining,High,-0.2867,4,3,2.6249,1.7649,2.6249,3.5975,3.0456,1.7649,0,45
4,SEMAGLUTIDE,Ligament sprain,Declining,Medium,-0.2877,3,1,1.7279,0.8648,1.7279,3.2120,,0.8648,0,19
4,TIRZEPATIDE,Cholangitis,Declining,High,-0.2967,4,1,2.0402,1.1499,2.0402,0.6463,0.7534,1.1499,0,35
4,TIRZEPATIDE,Pain of skin,Declining,High,-0.3103,4,1,2.6709,1.7401,2.6709,1.9729,1.8789,1.7401,1,120
4,SEMAGLUTIDE,Medical procedure,Declining,Medium,-0.3213,4,2,2.8495,1.8856,2.8495,,15.3883,1.8856,0,23
4,DULAGLUTIDE,Hypoglycaemia,Declining,Medium,-0.3765,4,1,3.6445,2.5149,3.6445,1.9516,,2.5149,0,17
4,SEMAGLUTIDE,Intervertebral disc degeneration,Declining,High,-0.3792,4,2,2.1834,1.0459,2.1834,6.8019,8.9504,1.0459,0,15
4,TIRZEPATIDE,Injection site discomfort,Declining,High,-0.3827,4,3,2.9323,1.7843,2.9323,4.9734,2.2040,1.7843,0,142
4,SEMAGLUTIDE,Product use issue,Declining,High,-0.3881,4,1,2.8542,1.6899,2.8542,1.9373,1.7337,1.6899,1,755
4,LIRAGLUTIDE,Vomiting,Declining,High,-0.3897,4,3,3.1264,1.9572,3.1264,2.1146,3.5185,1.9572,0,106
4,TIRZEPATIDE,Ketoacidosis,Declining,High,-0.4079,4,4,3.9644,2.7406,3.9644,2.9645,2.2704,2.7406,0,55
4,SEMAGLUTIDE,Abdominal tenderness,Declining,Low,-0.4137,4,1,2.5733,1.3321,2.5733,,,1.3321,1,12
4,SEMAGLUTIDE,Bile duct stone,Declining,High,-0.4195,4,3,2.7712,1.5128,2.7712,7.0795,10.4421,1.5128,0,17
4,TIRZEPATIDE,Injection site indentation,Declining,High,-0.4278,4,1,1.7799,0.4965,1.7799,2.4018,1.6574,0.4965,0,26
4,SEMAGLUTIDE,Gastroenteritis,Declining,High,-0.4619,4,3,2.4484,1.0625,2.4484,4.9734,7.9186,1.0625,0,51
4,LIRAGLUTIDE,Abdominal discomfort,Declining,High,-0.4731,4,2,2.8196,1.4002,2.8196,1.7901,4.2614,1.4002,0,37
4,SEMAGLUTIDE,Fear of death,Declining,Low,-0.4769,3,1,3.8428,2.4122,3.8428,,,2.4122,1,9
4,LIRAGLUTIDE,Nausea,Declining,High,-0.4803,4,3,2.5174,1.0766,2.5174,2.4168,3.1506,1.0766,0,145
4,SEMAGLUTIDE,Dental implantation,Declining,Low,-0.4947,4,1,3.7922,2.3082,3.7922,,,2.3082,1,8
4,TIRZEPATIDE,Oesophageal pain,Declining,Medium,-0.4967,3,1,3.2302,1.7401,3.2302,,2.0090,1.7401,1,14
4,DULAGLUTIDE,Gastrointestinal disorder,Declining,High,-0.5017,4,3,2.8937,1.3885,2.8937,2.9845,2.8440,1.3885,0,59
4,SEMAGLUTIDE,Adverse drug reaction,Declining,High,-0.5119,4,2,4.1324,2.5967,4.1324,0.4736,0.5385,2.5967,0,454
4,DULAGLUTIDE,Dysphagia,Declining,Low,-0.5120,4,1,2.2332,1.2093,2.2332,,1.2093,,1,19
4,LIRAGLUTIDE,Visual impairment,Declining,High,-0.5144,4,3,3.0853,1.5421,3.0853,3.5653,2.6480,1.5421,0,30
4,TIRZEPATIDE,Injection site bruising,Declining,High,-0.5315,4,4,4.6585,3.0641,4.6585,4.3330,4.1895,3.0641,1,1162
4,TIRZEPATIDE,Appendicitis,Declining,High,-0.5347,4,4,3.8478,2.2438,3.8478,3.5455,3.8846,2.2438,0,109
4,TIRZEPATIDE,Injection site scar,Declining,Medium,-0.5432,4,2,4.3509,2.7212,4.3509,1.0293,,2.7212,0,23
4,SEMAGLUTIDE,Urine odour abnormal,Declining,Low,-0.5540,2,1,2.6320,0.9701,2.6320,,,0.9701,1,11
4,TIRZEPATIDE,Gastroenteritis,Declining,High,-0.5712,4,1,3.6531,1.9394,3.6531,1.6655,1.4982,1.9394,0,87
4,SEMAGLUTIDE,Spinal fusion surgery,Declining,Medium,-0.5805,4,2,2.7116,0.9701,2.7116,6.9034,,0.9701,0,16
4,TIRZEPATIDE,Blood glucose fluctuation,Declining,High,-0.5806,4,1,2.6059,0.8642,2.6059,0.6559,1.8232,0.8642,0,38
4,SEMAGLUTIDE,Emergency care,Declining,Low,-0.5898,2,1,2.7189,0.9495,2.7189,,,0.9495,1,10
4,SEMAGLUTIDE,Papilloedema,Declining,Medium,-0.5948,4,2,3.3127,1.5283,3.3127,19.2721,,1.5283,0,22
4,TIRZEPATIDE,Blood glucose abnormal,Declining,High,-0.5972,4,2,3.3667,1.5751,3.3667,2.7337,1.8728,1.5751,1,104
4,SEMAGLUTIDE,Gastrointestinal injury,Declining,Low,-0.6324,4,1,4.5747,2.6776,4.5747,,,2.6776,1,10
4,SEMAGLUTIDE,Pancreatitis necrotising,Declining,High,-0.6665,4,4,6.0043,4.0049,6.0043,8.7270,8.5658,4.0049,0,34
4,SEMAGLUTIDE,Product knowledge deficit,Declining,Low,-0.6708,4,1,2.7561,0.7438,2.7561,,,0.7438,1,15
4,SEMAGLUTIDE,Thyroid cancer,Declining,High,-0.6758,4,3,2.7712,0.7438,2.7712,5.4034,3.6146,0.7438,0,21
4,TIRZEPATIDE,Injection site erythema,Declining,High,-0.6800,4,4,6.1736,4.1336,6.1736,5.3361,6.3684,4.1336,0,1766
4,TIRZEPATIDE,Depressed mood,Declining,High,-0.6899,4,3,3.2689,1.1993,3.2689,10.1690,3.0889,1.1993,0,666
4,SEMAGLUTIDE,Skin wrinkling,Declining,Low,-0.7203,2,2,6.7549,4.5939,6.7549,,,4.5939,1,16
4,DULAGLUTIDE,Decreased appetite,Declining,High,-0.7591,4,2,3.2445,0.9671,3.2445,2.4007,1.6751,0.9671,1,98
4,SEMAGLUTIDE,Postmenopausal haemorrhage,Declining,High,-0.7703,4,4,5.2212,2.9104,5.2212,4.6253,12.1824,2.9104,0,24
4,TIRZEPATIDE,Uterine haemorrhage,Declining,Low,-0.7861,4,1,2.6469,1.0748,,2.6469,,1.0748,1,12
4,DULAGLUTIDE,Flatulence,Declining,High,-0.7901,4,1,4.3058,1.9357,4.3058,2.1128,1.9990,1.9357,1,30
4,DULAGLUTIDE,Anxiety,Declining,High,-0.8081,4,1,2.8258,0.4014,2.8258,1.2049,1.0083,0.4014,1,55
4,SEMAGLUTIDE,Therapy change,Declining,Medium,-0.8149,4,2,2.3439,0.7140,,2.3439,4.3540,0.7140,0,26
4,LIRAGLUTIDE,Myocardial infarction,Declining,Medium,-0.8162,4,2,3.4758,1.8435,3.4758,5.9299,1.8435,,0,16
4,SEMAGLUTIDE,Skin odour abnormal,Declining,Low,-0.8241,3,1,3.6950,1.2226,3.6950,,,1.2226,1,12
4,SEMAGLUTIDE,Intussusception,Declining,Low,-0.8271,3,2,6.0043,3.5231,6.0043,,,3.5231,1,9
4,TIRZEPATIDE,Gastrointestinal pain,Declining,High,-0.8395,4,4,4.6096,2.0913,4.6096,2.3562,3.4057,2.0913,0,115
4,TIRZEPATIDE,Glycosylated haemoglobin decreased,Declining,Medium,-0.8406,4,3,4.1174,2.4361,,4.1174,5.0443,2.4361,0,19
4,TIRZEPATIDE,Injection site vesicles,Declining,High,-0.8683,4,4,5.7701,3.1650,5.7701,6.7165,6.5898,3.1650,0,123
4,TIRZEPATIDE,Injection site pain,Declining,High,-0.8786,4,3,4.2713,1.6355,4.2713,3.7111,2.8508,1.6355,1,3739
4,SEMAGLUTIDE,Regurgitation,Declining,Low,-0.8812,4,2,6.7875,4.1439,6.7875,,,4.1439,1,29
4,TIRZEPATIDE,Hair texture abnormal,Declining,Medium,-0.8839,4,1,2.4704,0.7027,,2.4704,0.9471,0.7027,1,14
4,SEMAGLUTIDE,Diarrhoea haemorrhagic,Declining,Low,-0.9323,4,1,3.1042,1.2396,,3.1042,,1.2396,1,14
4,SEMAGLUTIDE,Early satiety,Declining,Low,-0.9590,4,2,6.1583,3.2813,6.1583,,,3.2813,1,18
4,SEMAGLUTIDE,Pancreatitis,Declining,High,-0.9904,4,4,7.7993,4.8282,7.7993,7.8622,3.6669,4.8282,0,415
4,TIRZEPATIDE,Vomiting projectile,Declining,High,-1.0073,4,4,8.1606,5.1387,8.1606,5.1113,13.8865,5.1387,0,89
4,SEMAGLUTIDE,Decreased appetite,Declining,High,-1.0184,4,4,7.9533,4.8980,7.9533,3.1961,2.3521,4.8980,0,2022
4,SEMAGLUTIDE,Dehydration,Declining,High,-1.0495,4,4,6.1447,2.9962,6.1447,5.9596,5.4432,2.9962,1,755
4,DULAGLUTIDE,Pancreatic carcinoma,Declining,Low,-1.0783,4,2,9.6675,6.4325,9.6675,,,6.4325,1,12
4,SEMAGLUTIDE,Parkinson's disease,Declining,Low,-1.0904,4,1,2.4234,1.3330,,2.4234,1.3330,,1,14
4,DULAGLUTIDE,Pancreatitis,Declining,High,-1.0997,4,3,4.8990,1.5999,4.8990,5.2289,5.6104,1.5999,0,35
4,SEMAGLUTIDE,Papillary thyroid cancer,Declining,Medium,-1.1028,4,3,8.0058,4.6975,8.0058,,19.3486,4.6975,0,19
4,SEMAGLUTIDE,Body mass index increased,Declining,Low,-1.1082,3,2,7.2052,3.8805,7.2052,,,3.8805,1,14
4,SEMAGLUTIDE,Acute myocardial infarction,Declining,Medium,-1.1974,4,1,2.8501,0.4554,,2.8501,1.1342,0.4554,1,16
4,DULAGLUTIDE,Depression,Declining,Medium,-1.2043,4,2,3.4644,1.0558,3.4644,2.2738,1.0558,,1,49
4,TIRZEPATIDE,Lymph node pain,Declining,High,-1.2369,4,2,6.2021,2.4915,6.2021,3.2697,3.1077,2.4915,1,17
4,TIRZEPATIDE,Pancreatitis acute,Declining,High,-1.2378,4,1,5.3466,1.6332,5.3466,1.6112,1.9527,1.6332,0,191
4,TIRZEPATIDE,Early satiety,Declining,High,-1.2519,4,4,7.7526,3.9968,7.7526,4.4115,5.7650,3.9968,0,34
4,TIRZEPATIDE,Injection site hypoaesthesia,Declining,High,-1.3329,4,4,6.9220,2.9234,6.9220,4.8036,12.4307,2.9234,0,30
4,TIRZEPATIDE,Injection site haemorrhage,Declining,High,-1.3332,4,4,7.1748,3.1751,7.1748,5.3545,5.7686,3.1751,0,1267
4,TIRZEPATIDE,Injection site reaction,Declining,High,-1.3394,4,4,8.1874,4.1691,8.1874,5.8304,8.3494,4.1691,0,1159
4,TIRZEPATIDE,Injection site paraesthesia,Declining,High,-1.3563,4,4,9.6907,5.6218,9.6907,7.0280,9.5956,5.6218,0,41
4,DULAGLUTIDE,Gastrooesophageal reflux disease,Declining,High,-1.3644,4,2,6.1327,2.0396,6.1327,2.3793,1.9201,2.0396,0,52
4,SEMAGLUTIDE,Diabetic retinopathy,Declining,High,-1.3863,4,4,8.6216,4.4626,8.6216,8.6724,7.8316,4.4626,0,29
4,SEMAGLUTIDE,Upper limb fracture,Declining,Medium,-1.4023,4,2,3.1943,0.3897,,3.1943,2.8113,0.3897,1,15
4,TIRZEPATIDE,Cholecystitis infective,Declining,High,-1.4519,4,4,7.6351,3.2794,7.6351,2.9255,4.1436,3.2794,0,35
4,TIRZEPATIDE,Insurance issue,Declining,Medium,-1.4817,4,1,4.6109,0.1659,4.6109,,0.1112,0.1659,0,131
4,DULAGLUTIDE,Nausea,Declining,High,-1.4850,4,4,8.6836,4.2287,8.6836,4.1933,5.1919,4.2287,0,810
4,TIRZEPATIDE,Ketosis,Declining,High,-1.5183,4,2,6.0567,1.5017,6.0567,2.5266,6.6297,1.5017,0,22
4,DULAGLUTIDE,Diarrhoea,Declining,High,-1.5510,4,4,7.3305,2.6775,7.3305,3.3807,3.5526,2.6775,0,559
4,SEMAGLUTIDE,Pancreatic carcinoma metastatic,Declining,Medium,-1.5784,4,2,7.3096,2.5746,7.3096,,14.6189,2.5746,0,15
4,TIRZEPATIDE,Thyroid neoplasm,Declining,Low,-1.5869,3,2,9.2641,6.0903,,9.2641,,6.0903,1,9
4,SEMAGLUTIDE,Cholecystectomy,Declining,High,-1.6543,4,4,8.7471,3.7841,8.7471,7.8662,18.1476,3.7841,0,122
4,DULAGLUTIDE,Abdominal pain upper,Declining,High,-1.7038,4,4,7.2093,2.0980,7.2093,3.5055,2.7413,2.0980,1,163
4,TIRZEPATIDE,Biliary tract disorder,Declining,Medium,-1.7537,4,2,7.7526,2.4915,7.7526,4.6321,,2.4915,1,13
4,SEMAGLUTIDE,Cholecystitis,Declining,High,-1.8271,4,4,9.9721,4.4907,9.9721,12.3159,13.1848,4.4907,0,140
4,TIRZEPATIDE,Cholecystitis chronic,Declining,Low,-1.8914,4,2,9.2641,5.4813,,9.2641,,5.4813,1,9
4,SEMAGLUTIDE,Malnutrition,Declining,High,-1.9058,4,3,7.1119,1.3946,7.1119,4.6253,6.9614,1.3946,0,92
4,LIRAGLUTIDE,Arrhythmia,Declining,Medium,-1.9468,3,2,6.7735,2.8800,6.7735,6.6242,2.8800,,1,10
4,SEMAGLUTIDE,Hordeolum,Declining,Low,-1.9617,3,1,4.4050,0.4816,,4.4050,,0.4816,1,9
4,SEMAGLUTIDE,Obstructive pancreatitis,Declining,High,-1.9989,4,3,8.6216,2.6251,8.6216,35.8859,10.9642,2.6251,0,31
4,TIRZEPATIDE,Starvation,Declining,High,-2.0162,4,4,9.1807,3.1322,9.1807,4.6321,5.5247,3.1322,0,25
4,SEMAGLUTIDE,Polycystic ovarian syndrome,Declining,High,-2.1971,4,4,9.9382,3.3470,9.9382,12.8480,58.0457,3.3470,0,27
4,LIRAGLUTIDE,Hyperglycaemia,Declining,Low,-2.2045,3,2,12.5515,5.9380,12.5515,,,5.9380,1,9
4,LIRAGLUTIDE,Impaired gastric emptying,Declining,Medium,-2.2958,4,3,16.4348,9.5474,16.4348,,134.6871,9.5474,0,157
4,SEMAGLUTIDE,Shoulder operation,Declining,Low,-2.3000,4,1,6.0330,1.4329,,6.0330,,1.4329,1,17
4,SEMAGLUTIDE,Ocular stroke,Declining,Medium,-2.3125,4,3,12.0087,5.0712,12.0087,38.5441,,5.0712,0,18
4,DULAGLUTIDE,Dehydration,Declining,High,-2.3615,4,4,9.7186,2.6341,9.7186,4.5775,6.7531,2.6341,0,121
4,SEMAGLUTIDE,Pancreatic enzymes increased,Declining,Low,-2.4515,3,2,11.4866,4.1321,11.4866,,,4.1321,1,18
4,SEMAGLUTIDE,Discouragement,Declining,Low,-2.5027,4,2,8.2595,3.2540,,8.2595,,3.2540,1,14
4,TIRZEPATIDE,Duodenogastric reflux,Declining,Low,-2.5040,4,1,7.2680,2.2601,7.2680,,2.2601,,1,10
4,LIRAGLUTIDE,Intestinal obstruction,Declining,Low,-2.5572,4,2,11.4412,3.7697,11.4412,,,3.7697,1,15
4,SEMAGLUTIDE,Large intestine polyp,Declining,Low,-2.7162,4,1,6.4240,0.9917,,6.4240,,0.9917,1,12
4,DULAGLUTIDE,Cholecystitis,Declining,Medium,-2.7414,4,3,14.8963,6.6720,14.8963,,7.3757,6.6720,1,21
4,DULAGLUTIDE,Constipation,Declining,High,-2.8823,4,4,13.1926,4.5457,13.1926,5.5474,5.5432,4.5457,1,389
4,DULAGLUTIDE,Vomiting,Declining,High,-2.8986,4,4,14.7577,6.0619,14.7577,5.8209,7.2241,6.0619,0,770
4,SEMAGLUTIDE,Bell's palsy,Declining,Medium,-2.9388,4,2,6.9034,1.0259,,6.9034,6.2652,1.0259,1,13
4,DULAGLUTIDE,Glycosylated haemoglobin increased,Declining,High,-2.9928,4,4,24.2517,15.2734,24.2517,38.8878,38.3327,15.2734,0,120
4,SEMAGLUTIDE,Gastrointestinal necrosis,Declining,Medium,-3.1724,4,2,8.8948,2.5501,,8.8948,17.1315,2.5501,0,13
4,SEMAGLUTIDE,Thirst decreased,Declining,Low,-3.2727,3,2,24.0174,14.1992,24.0174,,,14.1992,1,17
4,LIRAGLUTIDE,Cholecystitis,Declining,Low,-3.3796,2,2,14.9357,8.1765,14.9357,,8.1765,,1,6
4,DULAGLUTIDE,Abdominal distension,Declining,High,-3.5027,4,4,12.7850,2.2768,12.7850,5.1462,5.8266,2.2768,0,151
4,DULAGLUTIDE,Intestinal obstruction,Declining,High,-3.5343,4,4,19.3821,8.7792,19.3821,14.8004,25.2882,8.7792,0,140
4,SEMAGLUTIDE,Allodynia,Declining,High,-3.5682,4,4,27.3301,16.6254,27.3301,36.3416,32.4865,16.6254,0,90
4,DULAGLUTIDE,Dyspepsia,Declining,High,-3.6446,4,3,12.4035,1.4696,12.4035,2.3191,5.8602,1.4696,0,122
4,SEMAGLUTIDE,Abdominal operation,Declining,Low,-3.7384,3,1,9.6360,2.1593,,9.6360,,2.1593,1,7
4,TIRZEPATIDE,Acute cholecystitis necrotic,Declining,Medium,-3.8766,4,3,13.2345,5.4813,,13.2345,8.8396,5.4813,1,17
4,SEMAGLUTIDE,Diabetes mellitus inadequate control,Declining,High,-3.8772,4,4,17.4272,5.7956,17.4272,7.9200,4.5447,5.7956,0,202
4,SEMAGLUTIDE,Food aversion,Declining,Medium,-4.1743,4,3,24.0174,11.4946,24.0174,,7.4756,11.4946,0,52
4,DULAGLUTIDE,Ileus,Declining,High,-4.1966,4,4,36.0978,23.5082,36.0978,26.5853,69.2903,23.5082,0,100
4,SEMAGLUTIDE,Intracranial pressure increased,Declining,Low,-4.3882,3,1,9.5040,0.7276,,9.5040,,0.7276,1,10
4,LIRAGLUTIDE,Emotional distress,Declining,Medium,-4.4334,4,3,19.3581,6.0581,19.3581,,31.7838,6.0581,0,84
4,TIRZEPATIDE,Medullary thyroid cancer,Declining,High,-4.6334,4,4,19.3815,5.4813,19.3815,37.0566,8.2871,5.4813,0,18
4,DULAGLUTIDE,Abdominal pain,Declining,High,-4.7497,4,4,25.8172,11.5682,25.8172,7.7370,11.2439,11.5682,0,596
4,LIRAGLUTIDE,Pancreatitis,Declining,Low,-4.7877,4,2,16.5837,7.0084,16.5837,,7.0084,,1,24
4,TIRZEPATIDE,Injection site injury,Declining,High,-5.2907,4,4,28.7596,12.8876,28.7596,33.2881,24.0594,12.8876,0,413
4,LIRAGLUTIDE,Knee arthroplasty,Declining,Low,-5.6407,2,2,9.2608,3.6201,,9.2608,3.6201,,1,8
4,SEMAGLUTIDE,Colonoscopy,Declining,Low,-6.1145,3,1,19.9001,1.5567,19.9001,,,1.5567,1,33
4,SEMAGLUTIDE,Vitreous detachment,Declining,Low,-6.2062,3,1,14.8247,2.4122,,14.8247,,2.4122,1,11
4,SEMAGLUTIDE,Gastric bypass,Declining,Low,-6.4485,4,2,19.2721,6.3752,,19.2721,,6.3752,1,12
4,SEMAGLUTIDE,Metabolic dysfunction-associated liver disease,Declining,Low,-6.7036,4,2,17.3449,3.9376,,17.3449,,3.9376,1,9
4,DULAGLUTIDE,Impaired gastric emptying,Declining,High,-6.9453,4,4,69.4438,48.6078,69.4438,93.4959,80.2701,48.6078,0,652
4,LIRAGLUTIDE,Cholelithiasis,Declining,Medium,-6.9457,4,3,26.6107,5.7737,26.6107,,13.2065,5.7737,1,29
4,SEMAGLUTIDE,Optic neuropathy,Declining,Medium,-7.4981,3,2,17.3449,2.3487,,17.3449,10.9642,2.3487,1,11
4,SEMAGLUTIDE,Metabolic dysfunction-associated steatohepatitis,Declining,Medium,-8.7764,4,3,24.3437,6.7909,,24.3437,25.5831,6.7909,0,20
4,LIRAGLUTIDE,Eye disorder,Declining,Low,-8.8210,2,2,12.2658,3.4448,,12.2658,3.4448,,1,10
4,LIRAGLUTIDE,Cholecystectomy,Declining,Low,-10.7324,4,2,38.9213,17.4565,38.9213,,17.4565,,1,16
4,SEMAGLUTIDE,Facial wasting,Declining,Low,-13.0546,2,2,54.0391,14.8754,54.0391,,,14.8754,1,13
4,SEMAGLUTIDE,Optic disc oedema,Declining,Low,-14.6672,4,1,32.3771,3.0427,,32.3771,,3.0427,1,13
4,SEMAGLUTIDE,Injection site streaking,Declining,Low,-18.0087,3,2,80.0579,26.0319,80.0579,,,26.0319,1,18
4,DULAGLUTIDE,Gastrointestinal pain,Declining,Low,-18.6151,3,2,25.1104,6.4953,25.1104,6.4953,,,1,25
4,LIRAGLUTIDE,Disability,Declining,Low,-20.6872,4,2,25.0247,4.3375,,25.0247,4.3375,,1,14
4,TIRZEPATIDE,Injection site coldness,Declining,High,-28.3656,4,4,103.3678,18.2710,103.3678,47.3501,33.1485,18.2710,1,99
4,DULAGLUTIDE,Early satiety,Declining,Low,-63.8205,4,2,139.4018,75.5813,139.4018,75.5813,,,1,24
4,DULAGLUTIDE,Gastrointestinal hypomotility,Declining,High,-84.3564,4,4,435.5168,182.4477,435.5168,166.2789,194.4511,182.4477,0,290
4,SEMAGLUTIDE,Cyclic vomiting syndrome,Declining,High,-107.5419,4,4,537.3889,214.7633,537.3889,644.2378,908.4606,214.7633,0,353
