cohort_id,cohort,slice,period_vs_mdl,occp_cod,reporter_label,reporter_group,n_cases,cohort_n_cases,pct_of_cohort
1,1 SEMAGLUTIDE + NAION,ALL QUARTERS,all quarters,MD,Physician,Healthcare professional,213,627,33.97
1,1 SEMAGLUTIDE + NAION,ALL QUARTERS,all quarters,PH,Pharmacist,Healthcare professional,14,627,2.23
1,1 SEMAGLUTIDE + NAION,ALL QUARTERS,all quarters,HP,Other health professional,Healthcare professional,30,627,4.78
1,1 SEMAGLUTIDE + NAION,ALL QUARTERS,all quarters,RN,Registered nurse,Healthcare professional,0,627,0.00
1,1 SEMAGLUTIDE + NAION,ALL QUARTERS,all quarters,OT,Other,Other,0,627,0.00
1,1 SEMAGLUTIDE + NAION,ALL QUARTERS,all quarters,CN,Consumer,Consumer,162,627,25.84
1,1 SEMAGLUTIDE + NAION,ALL QUARTERS,all quarters,LW,Lawyer,Lawyer,12,627,1.91
1,1 SEMAGLUTIDE + NAION,ALL QUARTERS,all quarters,(blank),(not reported),Not reported,196,627,31.26
1,1 SEMAGLUTIDE + NAION,2025Q3,pre-MDL,MD,Physician,Healthcare professional,48,128,37.50
1,1 SEMAGLUTIDE + NAION,2025Q3,pre-MDL,PH,Pharmacist,Healthcare professional,8,128,6.25
1,1 SEMAGLUTIDE + NAION,2025Q3,pre-MDL,HP,Other health professional,Healthcare professional,13,128,10.16
1,1 SEMAGLUTIDE + NAION,2025Q3,pre-MDL,RN,Registered nurse,Healthcare professional,0,128,0.00
1,1 SEMAGLUTIDE + NAION,2025Q3,pre-MDL,OT,Other,Other,0,128,0.00
1,1 SEMAGLUTIDE + NAION,2025Q3,pre-MDL,CN,Consumer,Consumer,58,128,45.31
1,1 SEMAGLUTIDE + NAION,2025Q3,pre-MDL,LW,Lawyer,Lawyer,0,128,0.00
1,1 SEMAGLUTIDE + NAION,2025Q3,pre-MDL,(blank),(not reported),Not reported,1,128,0.78
1,1 SEMAGLUTIDE + NAION,2025Q4,MDL quarter (established Dec 2025),MD,Physician,Healthcare professional,58,111,52.25
1,1 SEMAGLUTIDE + NAION,2025Q4,MDL quarter (established Dec 2025),PH,Pharmacist,Healthcare professional,1,111,0.90
1,1 SEMAGLUTIDE + NAION,2025Q4,MDL quarter (established Dec 2025),HP,Other health professional,Healthcare professional,9,111,8.11
1,1 SEMAGLUTIDE + NAION,2025Q4,MDL quarter (established Dec 2025),RN,Registered nurse,Healthcare professional,0,111,0.00
1,1 SEMAGLUTIDE + NAION,2025Q4,MDL quarter (established Dec 2025),OT,Other,Other,0,111,0.00
1,1 SEMAGLUTIDE + NAION,2025Q4,MDL quarter (established Dec 2025),CN,Consumer,Consumer,42,111,37.84
1,1 SEMAGLUTIDE + NAION,2025Q4,MDL quarter (established Dec 2025),LW,Lawyer,Lawyer,1,111,0.90
1,1 SEMAGLUTIDE + NAION,2025Q4,MDL quarter (established Dec 2025),(blank),(not reported),Not reported,0,111,0.00
1,1 SEMAGLUTIDE + NAION,2026Q1,post-MDL,MD,Physician,Healthcare professional,59,196,30.10
1,1 SEMAGLUTIDE + NAION,2026Q1,post-MDL,PH,Pharmacist,Healthcare professional,2,196,1.02
1,1 SEMAGLUTIDE + NAION,2026Q1,post-MDL,HP,Other health professional,Healthcare professional,8,196,4.08
1,1 SEMAGLUTIDE + NAION,2026Q1,post-MDL,RN,Registered nurse,Healthcare professional,0,196,0.00
1,1 SEMAGLUTIDE + NAION,2026Q1,post-MDL,OT,Other,Other,0,196,0.00
1,1 SEMAGLUTIDE + NAION,2026Q1,post-MDL,CN,Consumer,Consumer,62,196,31.63
1,1 SEMAGLUTIDE + NAION,2026Q1,post-MDL,LW,Lawyer,Lawyer,7,196,3.57
1,1 SEMAGLUTIDE + NAION,2026Q1,post-MDL,(blank),(not reported),Not reported,58,196,29.59
1,1 SEMAGLUTIDE + NAION,2026Q2,post-MDL,MD,Physician,Healthcare professional,48,192,25.00
1,1 SEMAGLUTIDE + NAION,2026Q2,post-MDL,PH,Pharmacist,Healthcare professional,3,192,1.56
1,1 SEMAGLUTIDE + NAION,2026Q2,post-MDL,HP,Other health professional,Healthcare professional,0,192,0.00
1,1 SEMAGLUTIDE + NAION,2026Q2,post-MDL,RN,Registered nurse,Healthcare professional,0,192,0.00
1,1 SEMAGLUTIDE + NAION,2026Q2,post-MDL,OT,Other,Other,0,192,0.00
1,1 SEMAGLUTIDE + NAION,2026Q2,post-MDL,CN,Consumer,Consumer,0,192,0.00
1,1 SEMAGLUTIDE + NAION,2026Q2,post-MDL,LW,Lawyer,Lawyer,4,192,2.08
1,1 SEMAGLUTIDE + NAION,2026Q2,post-MDL,(blank),(not reported),Not reported,137,192,71.35
2,2 DULAGLUTIDE + gastroparesis,ALL QUARTERS,all quarters,MD,Physician,Healthcare professional,0,974,0.00
2,2 DULAGLUTIDE + gastroparesis,ALL QUARTERS,all quarters,PH,Pharmacist,Healthcare professional,0,974,0.00
2,2 DULAGLUTIDE + gastroparesis,ALL QUARTERS,all quarters,HP,Other health professional,Healthcare professional,0,974,0.00
2,2 DULAGLUTIDE + gastroparesis,ALL QUARTERS,all quarters,RN,Registered nurse,Healthcare professional,0,974,0.00
2,2 DULAGLUTIDE + gastroparesis,ALL QUARTERS,all quarters,OT,Other,Other,0,974,0.00
2,2 DULAGLUTIDE + gastroparesis,ALL QUARTERS,all quarters,CN,Consumer,Consumer,248,974,25.46
2,2 DULAGLUTIDE + gastroparesis,ALL QUARTERS,all quarters,LW,Lawyer,Lawyer,718,974,73.72
2,2 DULAGLUTIDE + gastroparesis,ALL QUARTERS,all quarters,(blank),(not reported),Not reported,8,974,0.82
2,2 DULAGLUTIDE + gastroparesis,2025Q3,pre-MDL,MD,Physician,Healthcare professional,0,55,0.00
2,2 DULAGLUTIDE + gastroparesis,2025Q3,pre-MDL,PH,Pharmacist,Healthcare professional,0,55,0.00
2,2 DULAGLUTIDE + gastroparesis,2025Q3,pre-MDL,HP,Other health professional,Healthcare professional,0,55,0.00
2,2 DULAGLUTIDE + gastroparesis,2025Q3,pre-MDL,RN,Registered nurse,Healthcare professional,0,55,0.00
2,2 DULAGLUTIDE + gastroparesis,2025Q3,pre-MDL,OT,Other,Other,0,55,0.00
2,2 DULAGLUTIDE + gastroparesis,2025Q3,pre-MDL,CN,Consumer,Consumer,7,55,12.73
2,2 DULAGLUTIDE + gastroparesis,2025Q3,pre-MDL,LW,Lawyer,Lawyer,48,55,87.27
2,2 DULAGLUTIDE + gastroparesis,2025Q3,pre-MDL,(blank),(not reported),Not reported,0,55,0.00
2,2 DULAGLUTIDE + gastroparesis,2025Q4,MDL quarter (established Dec 2025),MD,Physician,Healthcare professional,0,97,0.00
2,2 DULAGLUTIDE + gastroparesis,2025Q4,MDL quarter (established Dec 2025),PH,Pharmacist,Healthcare professional,0,97,0.00
2,2 DULAGLUTIDE + gastroparesis,2025Q4,MDL quarter (established Dec 2025),HP,Other health professional,Healthcare professional,0,97,0.00
2,2 DULAGLUTIDE + gastroparesis,2025Q4,MDL quarter (established Dec 2025),RN,Registered nurse,Healthcare professional,0,97,0.00
2,2 DULAGLUTIDE + gastroparesis,2025Q4,MDL quarter (established Dec 2025),OT,Other,Other,0,97,0.00
2,2 DULAGLUTIDE + gastroparesis,2025Q4,MDL quarter (established Dec 2025),CN,Consumer,Consumer,6,97,6.19
2,2 DULAGLUTIDE + gastroparesis,2025Q4,MDL quarter (established Dec 2025),LW,Lawyer,Lawyer,91,97,93.81
2,2 DULAGLUTIDE + gastroparesis,2025Q4,MDL quarter (established Dec 2025),(blank),(not reported),Not reported,0,97,0.00
2,2 DULAGLUTIDE + gastroparesis,2026Q1,post-MDL,MD,Physician,Healthcare professional,0,598,0.00
2,2 DULAGLUTIDE + gastroparesis,2026Q1,post-MDL,PH,Pharmacist,Healthcare professional,0,598,0.00
2,2 DULAGLUTIDE + gastroparesis,2026Q1,post-MDL,HP,Other health professional,Healthcare professional,0,598,0.00
2,2 DULAGLUTIDE + gastroparesis,2026Q1,post-MDL,RN,Registered nurse,Healthcare professional,0,598,0.00
2,2 DULAGLUTIDE + gastroparesis,2026Q1,post-MDL,OT,Other,Other,0,598,0.00
2,2 DULAGLUTIDE + gastroparesis,2026Q1,post-MDL,CN,Consumer,Consumer,235,598,39.30
2,2 DULAGLUTIDE + gastroparesis,2026Q1,post-MDL,LW,Lawyer,Lawyer,360,598,60.20
2,2 DULAGLUTIDE + gastroparesis,2026Q1,post-MDL,(blank),(not reported),Not reported,3,598,0.50
2,2 DULAGLUTIDE + gastroparesis,2026Q2,post-MDL,MD,Physician,Healthcare professional,0,224,0.00
2,2 DULAGLUTIDE + gastroparesis,2026Q2,post-MDL,PH,Pharmacist,Healthcare professional,0,224,0.00
2,2 DULAGLUTIDE + gastroparesis,2026Q2,post-MDL,HP,Other health professional,Healthcare professional,0,224,0.00
2,2 DULAGLUTIDE + gastroparesis,2026Q2,post-MDL,RN,Registered nurse,Healthcare professional,0,224,0.00
2,2 DULAGLUTIDE + gastroparesis,2026Q2,post-MDL,OT,Other,Other,0,224,0.00
2,2 DULAGLUTIDE + gastroparesis,2026Q2,post-MDL,CN,Consumer,Consumer,0,224,0.00
2,2 DULAGLUTIDE + gastroparesis,2026Q2,post-MDL,LW,Lawyer,Lawyer,219,224,97.77
2,2 DULAGLUTIDE + gastroparesis,2026Q2,post-MDL,(blank),(not reported),Not reported,5,224,2.23
3,3 SEMAGLUTIDE - all events,ALL QUARTERS,all quarters,MD,Physician,Healthcare professional,3504,35705,9.81
3,3 SEMAGLUTIDE - all events,ALL QUARTERS,all quarters,PH,Pharmacist,Healthcare professional,1009,35705,2.83
3,3 SEMAGLUTIDE - all events,ALL QUARTERS,all quarters,HP,Other health professional,Healthcare professional,1520,35705,4.26
3,3 SEMAGLUTIDE - all events,ALL QUARTERS,all quarters,RN,Registered nurse,Healthcare professional,0,35705,0.00
3,3 SEMAGLUTIDE - all events,ALL QUARTERS,all quarters,OT,Other,Other,0,35705,0.00
3,3 SEMAGLUTIDE - all events,ALL QUARTERS,all quarters,CN,Consumer,Consumer,14668,35705,41.08
3,3 SEMAGLUTIDE - all events,ALL QUARTERS,all quarters,LW,Lawyer,Lawyer,22,35705,0.06
3,3 SEMAGLUTIDE - all events,ALL QUARTERS,all quarters,(blank),(not reported),Not reported,14982,35705,41.96
3,3 SEMAGLUTIDE - all events,2025Q3,pre-MDL,MD,Physician,Healthcare professional,1169,13552,8.63
3,3 SEMAGLUTIDE - all events,2025Q3,pre-MDL,PH,Pharmacist,Healthcare professional,249,13552,1.84
3,3 SEMAGLUTIDE - all events,2025Q3,pre-MDL,HP,Other health professional,Healthcare professional,762,13552,5.62
3,3 SEMAGLUTIDE - all events,2025Q3,pre-MDL,RN,Registered nurse,Healthcare professional,0,13552,0.00
3,3 SEMAGLUTIDE - all events,2025Q3,pre-MDL,OT,Other,Other,0,13552,0.00
3,3 SEMAGLUTIDE - all events,2025Q3,pre-MDL,CN,Consumer,Consumer,11356,13552,83.80
3,3 SEMAGLUTIDE - all events,2025Q3,pre-MDL,LW,Lawyer,Lawyer,2,13552,0.01
3,3 SEMAGLUTIDE - all events,2025Q3,pre-MDL,(blank),(not reported),Not reported,14,13552,0.10
3,3 SEMAGLUTIDE - all events,2025Q4,MDL quarter (established Dec 2025),MD,Physician,Healthcare professional,582,3061,19.01
3,3 SEMAGLUTIDE - all events,2025Q4,MDL quarter (established Dec 2025),PH,Pharmacist,Healthcare professional,191,3061,6.24
3,3 SEMAGLUTIDE - all events,2025Q4,MDL quarter (established Dec 2025),HP,Other health professional,Healthcare professional,486,3061,15.88
3,3 SEMAGLUTIDE - all events,2025Q4,MDL quarter (established Dec 2025),RN,Registered nurse,Healthcare professional,0,3061,0.00
3,3 SEMAGLUTIDE - all events,2025Q4,MDL quarter (established Dec 2025),OT,Other,Other,0,3061,0.00
3,3 SEMAGLUTIDE - all events,2025Q4,MDL quarter (established Dec 2025),CN,Consumer,Consumer,1774,3061,57.95
3,3 SEMAGLUTIDE - all events,2025Q4,MDL quarter (established Dec 2025),LW,Lawyer,Lawyer,2,3061,0.07
3,3 SEMAGLUTIDE - all events,2025Q4,MDL quarter (established Dec 2025),(blank),(not reported),Not reported,26,3061,0.85
3,3 SEMAGLUTIDE - all events,2026Q1,post-MDL,MD,Physician,Healthcare professional,554,3323,16.67
3,3 SEMAGLUTIDE - all events,2026Q1,post-MDL,PH,Pharmacist,Healthcare professional,213,3323,6.41
3,3 SEMAGLUTIDE - all events,2026Q1,post-MDL,HP,Other health professional,Healthcare professional,264,3323,7.94
3,3 SEMAGLUTIDE - all events,2026Q1,post-MDL,RN,Registered nurse,Healthcare professional,0,3323,0.00
3,3 SEMAGLUTIDE - all events,2026Q1,post-MDL,OT,Other,Other,0,3323,0.00
3,3 SEMAGLUTIDE - all events,2026Q1,post-MDL,CN,Consumer,Consumer,1419,3323,42.70
3,3 SEMAGLUTIDE - all events,2026Q1,post-MDL,LW,Lawyer,Lawyer,8,3323,0.24
3,3 SEMAGLUTIDE - all events,2026Q1,post-MDL,(blank),(not reported),Not reported,865,3323,26.03
3,3 SEMAGLUTIDE - all events,2026Q2,post-MDL,MD,Physician,Healthcare professional,1199,15769,7.60
3,3 SEMAGLUTIDE - all events,2026Q2,post-MDL,PH,Pharmacist,Healthcare professional,356,15769,2.26
3,3 SEMAGLUTIDE - all events,2026Q2,post-MDL,HP,Other health professional,Healthcare professional,8,15769,0.05
3,3 SEMAGLUTIDE - all events,2026Q2,post-MDL,RN,Registered nurse,Healthcare professional,0,15769,0.00
3,3 SEMAGLUTIDE - all events,2026Q2,post-MDL,OT,Other,Other,0,15769,0.00
3,3 SEMAGLUTIDE - all events,2026Q2,post-MDL,CN,Consumer,Consumer,119,15769,0.75
3,3 SEMAGLUTIDE - all events,2026Q2,post-MDL,LW,Lawyer,Lawyer,10,15769,0.06
3,3 SEMAGLUTIDE - all events,2026Q2,post-MDL,(blank),(not reported),Not reported,14077,15769,89.27
4,4 DULAGLUTIDE - all events,ALL QUARTERS,all quarters,MD,Physician,Healthcare professional,79,4028,1.96
4,4 DULAGLUTIDE - all events,ALL QUARTERS,all quarters,PH,Pharmacist,Healthcare professional,37,4028,0.92
4,4 DULAGLUTIDE - all events,ALL QUARTERS,all quarters,HP,Other health professional,Healthcare professional,75,4028,1.86
4,4 DULAGLUTIDE - all events,ALL QUARTERS,all quarters,RN,Registered nurse,Healthcare professional,0,4028,0.00
4,4 DULAGLUTIDE - all events,ALL QUARTERS,all quarters,OT,Other,Other,0,4028,0.00
4,4 DULAGLUTIDE - all events,ALL QUARTERS,all quarters,CN,Consumer,Consumer,2139,4028,53.10
4,4 DULAGLUTIDE - all events,ALL QUARTERS,all quarters,LW,Lawyer,Lawyer,862,4028,21.40
4,4 DULAGLUTIDE - all events,ALL QUARTERS,all quarters,(blank),(not reported),Not reported,836,4028,20.75
4,4 DULAGLUTIDE - all events,2025Q3,pre-MDL,MD,Physician,Healthcare professional,24,945,2.54
4,4 DULAGLUTIDE - all events,2025Q3,pre-MDL,PH,Pharmacist,Healthcare professional,10,945,1.06
4,4 DULAGLUTIDE - all events,2025Q3,pre-MDL,HP,Other health professional,Healthcare professional,26,945,2.75
4,4 DULAGLUTIDE - all events,2025Q3,pre-MDL,RN,Registered nurse,Healthcare professional,0,945,0.00
4,4 DULAGLUTIDE - all events,2025Q3,pre-MDL,OT,Other,Other,0,945,0.00
4,4 DULAGLUTIDE - all events,2025Q3,pre-MDL,CN,Consumer,Consumer,819,945,86.67
4,4 DULAGLUTIDE - all events,2025Q3,pre-MDL,LW,Lawyer,Lawyer,63,945,6.67
4,4 DULAGLUTIDE - all events,2025Q3,pre-MDL,(blank),(not reported),Not reported,3,945,0.32
4,4 DULAGLUTIDE - all events,2025Q4,MDL quarter (established Dec 2025),MD,Physician,Healthcare professional,22,801,2.75
4,4 DULAGLUTIDE - all events,2025Q4,MDL quarter (established Dec 2025),PH,Pharmacist,Healthcare professional,5,801,0.62
4,4 DULAGLUTIDE - all events,2025Q4,MDL quarter (established Dec 2025),HP,Other health professional,Healthcare professional,30,801,3.75
4,4 DULAGLUTIDE - all events,2025Q4,MDL quarter (established Dec 2025),RN,Registered nurse,Healthcare professional,0,801,0.00
4,4 DULAGLUTIDE - all events,2025Q4,MDL quarter (established Dec 2025),OT,Other,Other,0,801,0.00
4,4 DULAGLUTIDE - all events,2025Q4,MDL quarter (established Dec 2025),CN,Consumer,Consumer,628,801,78.40
4,4 DULAGLUTIDE - all events,2025Q4,MDL quarter (established Dec 2025),LW,Lawyer,Lawyer,116,801,14.48
4,4 DULAGLUTIDE - all events,2025Q4,MDL quarter (established Dec 2025),(blank),(not reported),Not reported,0,801,0.00
4,4 DULAGLUTIDE - all events,2026Q1,post-MDL,MD,Physician,Healthcare professional,10,1278,0.78
4,4 DULAGLUTIDE - all events,2026Q1,post-MDL,PH,Pharmacist,Healthcare professional,8,1278,0.63
4,4 DULAGLUTIDE - all events,2026Q1,post-MDL,HP,Other health professional,Healthcare professional,19,1278,1.49
4,4 DULAGLUTIDE - all events,2026Q1,post-MDL,RN,Registered nurse,Healthcare professional,0,1278,0.00
4,4 DULAGLUTIDE - all events,2026Q1,post-MDL,OT,Other,Other,0,1278,0.00
4,4 DULAGLUTIDE - all events,2026Q1,post-MDL,CN,Consumer,Consumer,688,1278,53.83
4,4 DULAGLUTIDE - all events,2026Q1,post-MDL,LW,Lawyer,Lawyer,400,1278,31.30
4,4 DULAGLUTIDE - all events,2026Q1,post-MDL,(blank),(not reported),Not reported,153,1278,11.97
4,4 DULAGLUTIDE - all events,2026Q2,post-MDL,MD,Physician,Healthcare professional,23,1004,2.29
4,4 DULAGLUTIDE - all events,2026Q2,post-MDL,PH,Pharmacist,Healthcare professional,14,1004,1.39
4,4 DULAGLUTIDE - all events,2026Q2,post-MDL,HP,Other health professional,Healthcare professional,0,1004,0.00
4,4 DULAGLUTIDE - all events,2026Q2,post-MDL,RN,Registered nurse,Healthcare professional,0,1004,0.00
4,4 DULAGLUTIDE - all events,2026Q2,post-MDL,OT,Other,Other,0,1004,0.00
4,4 DULAGLUTIDE - all events,2026Q2,post-MDL,CN,Consumer,Consumer,4,1004,0.40
4,4 DULAGLUTIDE - all events,2026Q2,post-MDL,LW,Lawyer,Lawyer,283,1004,28.19
4,4 DULAGLUTIDE - all events,2026Q2,post-MDL,(blank),(not reported),Not reported,680,1004,67.73
5,5 GLP-1 class - all four molecules,ALL QUARTERS,all quarters,MD,Physician,Healthcare professional,5407,111673,4.84
5,5 GLP-1 class - all four molecules,ALL QUARTERS,all quarters,PH,Pharmacist,Healthcare professional,1734,111673,1.55
5,5 GLP-1 class - all four molecules,ALL QUARTERS,all quarters,HP,Other health professional,Healthcare professional,2385,111673,2.14
5,5 GLP-1 class - all four molecules,ALL QUARTERS,all quarters,RN,Registered nurse,Healthcare professional,0,111673,0.00
5,5 GLP-1 class - all four molecules,ALL QUARTERS,all quarters,OT,Other,Other,0,111673,0.00
5,5 GLP-1 class - all four molecules,ALL QUARTERS,all quarters,CN,Consumer,Consumer,63246,111673,56.63
5,5 GLP-1 class - all four molecules,ALL QUARTERS,all quarters,LW,Lawyer,Lawyer,1482,111673,1.33
5,5 GLP-1 class - all four molecules,ALL QUARTERS,all quarters,(blank),(not reported),Not reported,37419,111673,33.51
5,5 GLP-1 class - all four molecules,2025Q3,pre-MDL,MD,Physician,Healthcare professional,1413,31183,4.53
5,5 GLP-1 class - all four molecules,2025Q3,pre-MDL,PH,Pharmacist,Healthcare professional,333,31183,1.07
5,5 GLP-1 class - all four molecules,2025Q3,pre-MDL,HP,Other health professional,Healthcare professional,1125,31183,3.61
5,5 GLP-1 class - all four molecules,2025Q3,pre-MDL,RN,Registered nurse,Healthcare professional,0,31183,0.00
5,5 GLP-1 class - all four molecules,2025Q3,pre-MDL,OT,Other,Other,0,31183,0.00
5,5 GLP-1 class - all four molecules,2025Q3,pre-MDL,CN,Consumer,Consumer,28180,31183,90.37
5,5 GLP-1 class - all four molecules,2025Q3,pre-MDL,LW,Lawyer,Lawyer,98,31183,0.31
5,5 GLP-1 class - all four molecules,2025Q3,pre-MDL,(blank),(not reported),Not reported,34,31183,0.11
5,5 GLP-1 class - all four molecules,2025Q4,MDL quarter (established Dec 2025),MD,Physician,Healthcare professional,777,20503,3.79
5,5 GLP-1 class - all four molecules,2025Q4,MDL quarter (established Dec 2025),PH,Pharmacist,Healthcare professional,291,20503,1.42
5,5 GLP-1 class - all four molecules,2025Q4,MDL quarter (established Dec 2025),HP,Other health professional,Healthcare professional,756,20503,3.69
5,5 GLP-1 class - all four molecules,2025Q4,MDL quarter (established Dec 2025),RN,Registered nurse,Healthcare professional,0,20503,0.00
5,5 GLP-1 class - all four molecules,2025Q4,MDL quarter (established Dec 2025),OT,Other,Other,0,20503,0.00
5,5 GLP-1 class - all four molecules,2025Q4,MDL quarter (established Dec 2025),CN,Consumer,Consumer,18400,20503,89.74
5,5 GLP-1 class - all four molecules,2025Q4,MDL quarter (established Dec 2025),LW,Lawyer,Lawyer,227,20503,1.11
5,5 GLP-1 class - all four molecules,2025Q4,MDL quarter (established Dec 2025),(blank),(not reported),Not reported,52,20503,0.25
5,5 GLP-1 class - all four molecules,2026Q1,post-MDL,MD,Physician,Healthcare professional,1057,23777,4.45
5,5 GLP-1 class - all four molecules,2026Q1,post-MDL,PH,Pharmacist,Healthcare professional,388,23777,1.63
5,5 GLP-1 class - all four molecules,2026Q1,post-MDL,HP,Other health professional,Healthcare professional,488,23777,2.05
5,5 GLP-1 class - all four molecules,2026Q1,post-MDL,RN,Registered nurse,Healthcare professional,0,23777,0.00
5,5 GLP-1 class - all four molecules,2026Q1,post-MDL,OT,Other,Other,0,23777,0.00
5,5 GLP-1 class - all four molecules,2026Q1,post-MDL,CN,Consumer,Consumer,15934,23777,67.01
5,5 GLP-1 class - all four molecules,2026Q1,post-MDL,LW,Lawyer,Lawyer,624,23777,2.62
5,5 GLP-1 class - all four molecules,2026Q1,post-MDL,(blank),(not reported),Not reported,5286,23777,22.23
5,5 GLP-1 class - all four molecules,2026Q2,post-MDL,MD,Physician,Healthcare professional,2160,36210,5.97
5,5 GLP-1 class - all four molecules,2026Q2,post-MDL,PH,Pharmacist,Healthcare professional,722,36210,1.99
5,5 GLP-1 class - all four molecules,2026Q2,post-MDL,HP,Other health professional,Healthcare professional,16,36210,0.04
5,5 GLP-1 class - all four molecules,2026Q2,post-MDL,RN,Registered nurse,Healthcare professional,0,36210,0.00
5,5 GLP-1 class - all four molecules,2026Q2,post-MDL,OT,Other,Other,0,36210,0.00
5,5 GLP-1 class - all four molecules,2026Q2,post-MDL,CN,Consumer,Consumer,732,36210,2.02
5,5 GLP-1 class - all four molecules,2026Q2,post-MDL,LW,Lawyer,Lawyer,533,36210,1.47
5,5 GLP-1 class - all four molecules,2026Q2,post-MDL,(blank),(not reported),Not reported,32047,36210,88.50
6,6 FAERS - all cases,ALL QUARTERS,all quarters,MD,Physician,Healthcare professional,283631,1529536,18.54
6,6 FAERS - all cases,ALL QUARTERS,all quarters,PH,Pharmacist,Healthcare professional,74338,1529536,4.86
6,6 FAERS - all cases,ALL QUARTERS,all quarters,HP,Other health professional,Healthcare professional,205699,1529536,13.45
6,6 FAERS - all cases,ALL QUARTERS,all quarters,RN,Registered nurse,Healthcare professional,0,1529536,0.00
6,6 FAERS - all cases,ALL QUARTERS,all quarters,OT,Other,Other,0,1529536,0.00
6,6 FAERS - all cases,ALL QUARTERS,all quarters,CN,Consumer,Consumer,380079,1529536,24.85
6,6 FAERS - all cases,ALL QUARTERS,all quarters,LW,Lawyer,Lawyer,18274,1529536,1.19
6,6 FAERS - all cases,ALL QUARTERS,all quarters,(blank),(not reported),Not reported,567515,1529536,37.10
6,6 FAERS - all cases,2025Q3,pre-MDL,MD,Physician,Healthcare professional,75091,391622,19.17
6,6 FAERS - all cases,2025Q3,pre-MDL,PH,Pharmacist,Healthcare professional,18712,391622,4.78
6,6 FAERS - all cases,2025Q3,pre-MDL,HP,Other health professional,Healthcare professional,78927,391622,20.15
6,6 FAERS - all cases,2025Q3,pre-MDL,RN,Registered nurse,Healthcare professional,0,391622,0.00
6,6 FAERS - all cases,2025Q3,pre-MDL,OT,Other,Other,0,391622,0.00
6,6 FAERS - all cases,2025Q3,pre-MDL,CN,Consumer,Consumer,148569,391622,37.94
6,6 FAERS - all cases,2025Q3,pre-MDL,LW,Lawyer,Lawyer,2315,391622,0.59
6,6 FAERS - all cases,2025Q3,pre-MDL,(blank),(not reported),Not reported,68008,391622,17.37
6,6 FAERS - all cases,2025Q4,MDL quarter (established Dec 2025),MD,Physician,Healthcare professional,66689,345568,19.30
6,6 FAERS - all cases,2025Q4,MDL quarter (established Dec 2025),PH,Pharmacist,Healthcare professional,16654,345568,4.82
6,6 FAERS - all cases,2025Q4,MDL quarter (established Dec 2025),HP,Other health professional,Healthcare professional,73250,345568,21.20
6,6 FAERS - all cases,2025Q4,MDL quarter (established Dec 2025),RN,Registered nurse,Healthcare professional,0,345568,0.00
6,6 FAERS - all cases,2025Q4,MDL quarter (established Dec 2025),OT,Other,Other,0,345568,0.00
6,6 FAERS - all cases,2025Q4,MDL quarter (established Dec 2025),CN,Consumer,Consumer,119134,345568,34.47
6,6 FAERS - all cases,2025Q4,MDL quarter (established Dec 2025),LW,Lawyer,Lawyer,1765,345568,0.51
6,6 FAERS - all cases,2025Q4,MDL quarter (established Dec 2025),(blank),(not reported),Not reported,68076,345568,19.70
6,6 FAERS - all cases,2026Q1,post-MDL,MD,Physician,Healthcare professional,71432,369888,19.31
6,6 FAERS - all cases,2026Q1,post-MDL,PH,Pharmacist,Healthcare professional,18408,369888,4.98
6,6 FAERS - all cases,2026Q1,post-MDL,HP,Other health professional,Healthcare professional,49468,369888,13.37
6,6 FAERS - all cases,2026Q1,post-MDL,RN,Registered nurse,Healthcare professional,0,369888,0.00
6,6 FAERS - all cases,2026Q1,post-MDL,OT,Other,Other,0,369888,0.00
6,6 FAERS - all cases,2026Q1,post-MDL,CN,Consumer,Consumer,100378,369888,27.14
6,6 FAERS - all cases,2026Q1,post-MDL,LW,Lawyer,Lawyer,3447,369888,0.93
6,6 FAERS - all cases,2026Q1,post-MDL,(blank),(not reported),Not reported,126755,369888,34.27
6,6 FAERS - all cases,2026Q2,post-MDL,MD,Physician,Healthcare professional,70419,422458,16.67
6,6 FAERS - all cases,2026Q2,post-MDL,PH,Pharmacist,Healthcare professional,20564,422458,4.87
6,6 FAERS - all cases,2026Q2,post-MDL,HP,Other health professional,Healthcare professional,4054,422458,0.96
6,6 FAERS - all cases,2026Q2,post-MDL,RN,Registered nurse,Healthcare professional,0,422458,0.00
6,6 FAERS - all cases,2026Q2,post-MDL,OT,Other,Other,0,422458,0.00
6,6 FAERS - all cases,2026Q2,post-MDL,CN,Consumer,Consumer,11998,422458,2.84
6,6 FAERS - all cases,2026Q2,post-MDL,LW,Lawyer,Lawyer,10747,422458,2.54
6,6 FAERS - all cases,2026Q2,post-MDL,(blank),(not reported),Not reported,304676,422458,72.12
